FkIdSkRok,FkIdSkola,Skore,VyznanSkore,Mat,PH,T5,T9,T5_mat,T5_SJ,Mat_mat,Mat_VJ,Mat_CJ,Pedag,Rozpocet
26,1703,6.3314281463623,0.5,,,8.74214630126953,7.63833160400391,8.92767791748047,8.55661468505859,7.94704360961914,7.32961959838867,,6.0957763671875,3.70986022949219
26,1704,6.46742324829102,1,6.72092361450195,4.66870956420898,,,,,5.62289581298828,6.7073974609375,7.20579833984375,3.51508712768555,6.87805252075195
26,1705,4.93926773071289,1,4.69009246826172,5.42734031677246,,,,,0,4.5963737487793,4.79095191955566,4.76531028747559,4.07376327514648
26,1706,7.52111740112305,1,,,8.96718597412109,7.9956169128418,8.86677551269531,9.06759643554688,7.55402984619141,8.43720397949219,,3.87273330688477,6.19205322265625
26,1707,5.6104736328125,1,,,6.7796501159668,7.09090576171875,6.14844627380371,7.41085357666016,6.83076019287109,7.35105209350586,,4.93279037475586,5.4156494140625
26,1708,5.36543312072754,1,4.63435287475586,5.30412406921387,,,,,0,5.55476150512695,3.71394424438477,4.6946475982666,4.12587356567383
26,1709,,,,,,,,,,,,,
26,1714,,,,,,,,,,,,5.37001686096191,8
26,1716,5.98338432312012,0.5,,,9.46518096923828,6.81724700927734,9.67744598388672,9.25291519165039,5.50332374572754,8.13117065429688,,3.54850540161133,
26,1717,6.31051788330078,0.5,6.35086326599121,,,,,,6.83517913818359,6.5510383605957,5.94125442504883,7.35327529907227,0.0204895958304405
26,1718,5.10519981384277,1,4.44381790161133,3.64504165649414,,,,,0,5.17576522827148,3.63916053771973,4.65823822021484,3.94067344665527
26,1719,6.43624114990234,1,7.24642333984375,8.89681701660156,,,,,3.97945938110352,9.29705810546875,5.6177131652832,3.44520416259766,5.26831398010254
26,1720,4.85358467102051,0.5,2.94599571228027,,,,,,0,2.90201454162598,2.99130973815918,7.94870529174805,4.44196815490723
26,1721,5.89906120300293,1,,,8.20395660400391,6.86070938110352,8.20808868408203,8.19982452392578,6.62210388183594,7.09931488037109,,4.01034126281738,5.94412117004395
26,1722,6.72158203125,1,,,9.02976837158203,8.19271392822266,9.04269485473633,9.01684188842773,8.17290573120117,8.21252136230469,,4.28396987915039,6.35557518005371
26,1723,,,,,,,,,,,,4.97827262878418,6.05613403320312
26,1724,5.53234939575195,0.5,,,7.57686767578125,6.69496002197266,7.67199401855469,7.48174057006836,6.40609436035156,6.9838249206543,,5.49580764770508,4.0446647644043
26,1726,5.49785194396973,0.5,,,5.4769214630127,6.45980834960938,4.98389015197754,5.96995277404785,5.97255249023438,6.94706497192383,,6.93704605102539,2.19161891937256
26,1727,,,,,,,,,,,,8.72607879638672,
26,1728,5.23942565917969,0.5,,,7.73221969604492,6.15496978759766,7.48265151977539,7.98178787231445,6.73338394165039,5.57655601501465,,9.02039794921875,3.65995483398437
26,1729,5.41517105102539,0.5,,,7.7361328125,6.44657440185547,7.53366317749023,7.93860244750977,6.04782638549805,6.84532318115234,,5.53341636657715,3.63014869689941
26,1731,,,,,,,,,,,,6.6705451965332,
26,1733,6.06636581420898,1,,,8.49194259643555,7.27996215820312,8.757421875,8.22646331787109,7.34255294799805,7.21737213134766,,5.14805603027344,6.02990646362305
26,1734,4.78752365112305,0.5,,,7.86445693969727,5.35772018432617,7.52772750854492,8.20118637084961,5.58971176147461,5.12572860717773,,6.3832275390625,2.70772304534912
26,1874,6.49195175170898,0.5,,,8.59513168334961,7.27881927490234,8.76563568115234,8.42462768554688,7.72646331787109,6.83117446899414,,6.15328140258789,2.56347351074219
26,1875,5.75214538574219,0.5,,,9.37400131225586,6.46224212646484,9.32942886352539,9.41857376098633,6.26373672485352,6.66074829101562,,6.21830902099609,3.81061820983887
26,1876,5.90274047851562,0.5,,,7.51304931640625,7.33355102539062,7.1896125793457,7.8364860534668,7.13314514160156,7.53395690917969,,5.27103424072266,5.36202011108398
26,1877,6.26278991699219,0.5,,,7.90878295898438,7.8017219543457,8.34734115600586,7.47022476196289,7.94925537109375,7.65418853759766,,5.22081756591797,3.95291481018066
26,1878,6.85849304199219,1,,,9.30781097412109,8.32821807861328,9.22220306396484,9.3934196472168,8.94194717407226,7.71448822021484,,5.13116798400879,6.34784927368164
26,1879,6.72390975952148,1,,,9.31025085449219,8.10309906005859,9.28694839477539,9.33355407714844,7.5367301940918,8.66946868896484,,3.85616798400879,5.76024436950684
26,1880,5.9767749786377,1,,,6.43295288085938,6.94389343261719,6.05552825927734,6.81037826538086,6.7343994140625,7.15338745117188,,4.9743724822998,3.12551498413086
26,1881,6.37544860839844,1,,,8.80741958618164,7.52780456542969,8.90854110717773,8.70629806518555,7.41258010864258,7.6430290222168,,4.2894603729248,6.31322708129883
26,1882,,,,,,,,,,,,6.85021362304687,4.4010311126709
26,1883,5.6104808807373,1,,,7.11063079833984,6.17459335327148,6.92910995483398,7.2921516418457,6.18998794555664,6.15919914245606,,4.24782180786133,6.66878890991211
26,1887,4.26564865112305,1,5.18845634460449,7.90688018798828,,,,,1.78794174194336,6.8948844909668,3.79730796813965,4.4503547668457,4.44633331298828
26,1888,6.9446418762207,1,,,9.3230712890625,8.4667121887207,9.35393447875976,9.29220809936523,8.91717987060547,8.01624450683594,,4.91621818542481,6.60693817138672
26,1889,5.98725395202637,1,,,7.90014038085937,7.34537658691406,8.11239318847656,7.68788757324219,7.36508255004883,7.32566986083984,,5.00758247375488,5.76398277282715
26,1890,4.9528133392334,1,3.51778335571289,4.88641090393066,,,,,1.78150329589844,3.81514320373535,3.3503490447998,4.58365211486816,4.05243606567383
26,1891,,,,,,,,,,,,9.29779815673828,
26,1892,6.23457679748535,1,7.55539398193359,8.13490447998047,,,,,7.93331604003906,7.98013153076172,6.98325576782227,2.78653964996338,7.06294708251953
26,1893,,,,,,,,,,,,9.41147155761719,
26,1894,,,,,,,,,,,,,
26,1896,5.21564979553223,1,4.22854461669922,3.64410858154297,,,,,0,5.28889923095703,3.05561466217041,3.7344181060791,3.9933349609375
26,1899,6.49447784423828,1,,,8.91682434082031,7.85185470581055,8.84643478393555,8.98721389770508,7.72145156860352,7.98225784301758,,4.5702033996582,5.70715637207031
26,1901,6.8681266784668,1,,,8.45635681152344,8.62809219360352,8.62337188720703,8.28934173583984,8.66830825805664,8.58787612915039,,4.13633308410644,6.51288833618164
26,1902,6.56400146484375,0.5,,,8.77491455078125,8.01503143310547,8.44690551757813,9.10292282104492,7.89673919677734,8.13332290649414,,5.90135192871094,5.06333465576172
26,1903,7.29150772094727,1,,,9.10082015991211,9.11890563964844,9.03929595947266,9.16234436035156,9.77247085571289,8.46534118652344,,3.93109245300293,5.95382118225098
26,1904,6.10575828552246,1,,,7.77455444335938,7.31570739746094,7.86455612182617,7.68455276489258,7.75296859741211,6.88290786743164,,4.82409172058105,5.66544456481934
26,1905,,,,,,,,,,,,5.24472427368164,5.47060699462891
26,1906,6.3645336151123,1,,,8.59514007568359,7.74250946044922,8.75730285644531,8.43005523681641,7.57991485595703,7.90510330200195,,4.05660743713379,5.6557315826416
26,1907,6.09733581542969,1,,,7.47026748657227,7.67213745117188,7.582421875,7.35811309814453,7.79050827026367,7.55376739501953,,3.82916450500488,6.2538932800293
26,1908,5.37081260681152,1,,,7.63062286376953,5.72478866577148,7.46663513183594,7.79461059570312,5.46167297363281,5.98790473937988,,5.80797271728516,4.97269859313965
26,1909,5.74740524291992,1,,,6.92868041992188,6.94476623535156,6.6697151184082,7.187646484375,6.61945190429688,7.2700813293457,,4.41932830810547,6.93146286010742
26,1910,,,,,,,,,,,,7.91942977905273,
26,1911,,,,,,,,,,,,,
26,1912,,,,,,,,,,,,4.21256065368652,1.87984066009521
26,1913,7.42142028808594,1,,,9.23647918701172,7.47692718505859,9.26925811767578,9.20370025634766,7.79172286987305,7.16213150024414,,4.26059913635254,5.87264060974121
26,1914,6.5165397644043,1,,,7.65537796020508,8.3091064453125,7.95136413574219,7.35939178466797,8.11809692382812,8.50011520385742,,4.73311424255371,6.23213577270508
26,1981,6.55467681884766,0.5,,,8.32888336181641,8.14816741943359,8.52799606323242,8.12977142333984,8.01440048217773,8.27811279296875,,6.54300079345703,2.60130424499512
26,1982,,,,,,,,,,,,8.72969818115234,1.98750953674316
26,1983,6.45739593505859,0.5,,,7.55709991455078,8.24329376220703,7.22462997436523,7.88957061767578,7.82600021362305,8.66058654785156,,7.02397003173828,3.77783470153809
26,1984,6.05494804382324,1,,,7.83313751220703,7.48053436279297,7.67909240722656,7.98718338012695,8.19981842041016,6.77182846069336,,5.13207130432129,5.53807601928711
26,1985,7.3665153503418,1,,,8.98291015625,8.20909652709961,9.06422424316406,8.90097122192383,8.86272201538086,7.55547103881836,,4.16016845703125,6.0519115447998
26,1986,4.5317699432373,1,5.2173095703125,6.08500747680664,,,,,3.89984092712402,5.5756721496582,4.96673698425293,3.5168830871582,4.25463905334473
26,1987,6.11414031982422,1,,,8.01889114379883,7.51726989746094,8.04640045166016,7.9913818359375,8.13421783447266,6.90032119750977,,4.03090896606445,5.92631721496582
26,1989,,,,,,,,,,,,6.61329879760742,3.32011985778809
26,1990,,,,,,,,,,,,4.42807998657227,
26,1991,6.53913269042969,1,,,8.66456298828125,8.01036682128906,8.20819931030274,9.12092590332031,7.64726867675781,8.37346496582031,,6.11595840454102,5.33586273193359
26,1992,7.12190093994141,1,,,8.78431549072266,7.94518585205078,8.91403732299805,8.65459289550781,7.82525024414062,8.06512069702148,,4.14168014526367,6.3557258605957
26,1995,4.64979209899902,1,5.59049339294434,1.92916946411133,,,,,1.99655933380127,6.29330749511719,6.60829467773438,3.46719512939453,6.71110610961914
26,1996,3.27945289611816,1,3.3466365814209,6.5188850402832,,,,,0,3.72869873046875,2.95015697479248,6.02473449707031,4.36036262512207
26,1999,6.2318416595459,1,,,8.07832489013672,7.6936279296875,7.92224731445313,8.23440246582031,7.55251007080078,7.83474655151367,,4.6419548034668,5.86484756469727
26,2001,6.23908882141113,1,6.58127746582031,5.66784210205078,,,,,5.43461036682129,7.95915222167969,5.48792877197266,3.35424346923828,4.93333168029785
26,2002,7.45282592773438,1,,,8.493701171875,8.63403167724609,8.98291397094727,8.00448760986328,8.60377502441406,8.66428833007813,,3.66587333679199,6.21431427001953
26,2003,5.65935859680176,1,6.41868438720703,7.26015701293945,,,,,5.9264232635498,4.92937507629395,8.078076171875,4.29881629943848,6.27081031799316
26,2005,6.54503936767578,0.5,,,8.69251556396484,6.6951286315918,8.81695098876953,8.56808013916016,6.42291946411133,6.96733779907227,,5.88620452880859,2.17569484710693
26,2006,,,,,,,,,,,,7.10103073120117,4.22974662780762
26,2007,7.29683380126953,1,,,8.2529052734375,9.41042175292969,8.32352523803711,8.18228454589844,9.44290542602539,9.37793807983399,,4.89587478637695,5.78275680541992
26,4236,,,,,,,,,,,,7.64944534301758,3.46089172363281
19,1703,6.4392822265625,1,,,,8.04910278320312,,,8.70119171142578,7.39701461791992,,4.64351043701172,5.52596626281738
19,1704,5.94987945556641,1,6.31032066345215,6.20805244445801,,,,,5.22865142822266,7.33149108886719,5.69259147644043,3.12058124542236,7.62238388061523
19,1705,4.53468933105469,1,2.31672439575195,4.49784660339355,,,,,0,2.32053527832031,2.31282482147217,3.73154182434082,3.84087257385254
19,1706,6.53935165405273,1,,,,8.17418975830078,,,8.12086639404297,8.22751388549805,,2.98327732086182,6.75966873168945
19,1707,5.54715118408203,1,,,,6.69475631713867,,,7.00342636108398,6.38608627319336,,3.1351411819458,6.44434127807617
19,1708,5.76462783813477,1,5.25224838256836,5.97462959289551,,,,,0,6.13487319946289,4.36962394714355,4.93333435058594,4.68679847717285
19,1709,,,,,,,,,,,,,
19,1714,5.26212501525879,0.5,4.75485496520996,,,,,,0,5.46002769470215,4.06053085327148,7.65596160888672,5.60012283325195
19,1716,3.24478950500488,0.5,,,,4.05598678588867,,,3.71533546447754,4.39663848876953,,4.67775001525879,
19,1717,,,6.16711082458496,,,,,,0,7.583642578125,6.80628280639648,4.22780075073242,0.0522412776947021
19,1718,3.49176979064941,1,4.08042297363281,3.76377029418945,,,,,4.76276206970215,4.27956581115723,3.85032424926758,2.50688629150391,4.96824493408203
19,1719,6.97422790527344,1,7.37435836791992,8.09588623046875,,,,,3.62408866882324,8.93096923828125,6.90442733764648,2.52781581878662,6.19491386413574
19,1720,5.07256927490234,0.5,4.20664100646973,,,,,,0,5.84555130004883,2.51651439666748,6.70474853515625,4.59592094421387
19,1721,5.33374404907227,1,,,,6.66717987060547,,,6.67551956176758,6.65884017944336,,2.96386260986328,6.92664031982422
19,1722,6.40932312011719,1,,,,6.99958801269531,,,6.6601188659668,7.33905639648438,,2.45501251220703,6.75340270996094
19,1723,,,,,,,,,,,,10,4.82312622070313
19,1724,3.89852447509766,0.5,,,,4.58402404785156,,,4.42682952880859,4.74121856689453,,3.94047660827637,6.14546127319336
19,1726,4.98975257873535,0.5,,,,6.00301895141602,,,6.81972351074219,5.18631477355957,,3.97922134399414,4.94644966125488
19,1727,,,,,,,,,,,,,
19,1728,3.70370903015137,0.5,,,,4.62963638305664,,,4.91719627380371,4.34207649230957,,6.34533233642578,5.04227828979492
19,1729,7.14619903564453,0.5,,,,8.93274841308594,,,9.06598892211914,8.79950866699219,,3.86292037963867,5.45743293762207
19,1731,,,,,,,,,,,,7.34107894897461,
19,1733,5.89113578796387,1,,,,7.36391983032227,,,6.72436599731445,8.00347366333008,,3.6722728729248,7.30952758789063
19,1734,4.06410331726074,0.5,,,,5.08012924194336,,,5.31814956665039,4.84210891723633,,4.64511795043945,5.0904167175293
19,1874,5.48862609863281,0.5,,,,6.13282928466797,,,6.95395126342773,5.31170692443848,,3.33822402954102,5.52048492431641
19,1875,,,,,,,,,,,,6.09043617248535,4.21239471435547
19,1876,4.81902770996094,0.5,,,,6.02378463745117,,,4.58854179382324,7.45902709960937,,5.70768432617187,4.77855072021484
19,1877,3.76330413818359,1,,,,4.70413017272949,,,4.86865463256836,4.53960571289062,,1.29980487823486,6.62662658691406
19,1878,5.93601608276367,1,,,,7.42002029418945,,,7.37426528930664,7.46577529907227,,4.25142478942871,8.36412506103516
19,1879,6.12349014282227,1,,,,7.65436248779297,,,8.46728134155273,6.8414436340332,,3.24410018920898,6.89147567749023
19,1880,6.15977668762207,1,,,,7.69972076416016,,,7.71911315917969,7.68032836914062,,2.83399639129639,5.33320999145508
19,1881,5.22999954223633,1,,,,6.53749923706055,,,6.74653930664063,6.32845878601074,,3.61031723022461,7.08536071777344
19,1882,,,,,,,,,,,,3.60564651489258,5.70740547180176
19,1883,5.78671379089355,1,,,,6.92845764160156,,,7.36387634277344,6.49303894042969,,2.71541938781738,7.73718872070313
19,1887,4.01476402282715,1,4.38500099182129,5.2114372253418,,,,,7.16829223632813,4.4468921661377,3.72417411804199,2.46342735290527,5.06168632507324
19,1888,7.36037979125977,1,,,,8.49072875976563,,,8.44132766723633,8.54013061523438,,3.53659629821777,6.98437957763672
19,1889,5.28937873840332,1,,,,6.61172332763672,,,7.09323196411133,6.13021469116211,,3.35381126403809,6.93002319335938
19,1890,5.74124145507812,1,4.93787002563477,7.55080718994141,,,,,4.5174388885498,4.77559623718262,5.21154479980469,2.37396926879883,5.00160942077637
19,1891,,,,,,,,,,,,6.446484375,
19,1892,6.26770477294922,1,5.98864898681641,7.78335723876953,,,,,5.53265495300293,7.10329437255859,4.98052597045898,1.17446165084839,7.63506774902344
19,1893,,,,,,,,,,,,7.16588897705078,
19,1894,,,,,,,,,,,,,
19,1896,8.48102493286133,1,9.5433837890625,10,,,,,8.57433319091797,9.69580383300781,9.52371063232422,2.8630407333374,5.8240421295166
19,1899,5.68038940429688,1,,,,7.10048675537109,,,7.33117446899414,6.86979827880859,,3.89880752563477,6.25798149108887
19,1901,5.60351142883301,1,,,,7.00438919067383,,,6.58229293823242,7.42648544311523,,1.46409740447998,6.71529693603516
19,1902,6.01715660095215,0.5,,,,6.77529907226562,,,6.63936996459961,6.91122741699219,,3.60242195129395,6.69089965820312
19,1903,6.74257507324219,1,,,,8.42821884155273,,,9.47537612915039,7.38106155395508,,1.70263442993164,6.60268859863281
19,1904,5.28528022766113,1,,,,5.96606521606445,,,6.64879379272461,5.28333625793457,,2.88866233825684,6.7832275390625
19,1905,,,,,,,,,,,,3.8161994934082,6.64466857910156
19,1906,6.30243911743164,1,,,,7.87804870605469,,,7.77639999389648,7.97969665527344,,2.93015079498291,6.91162872314453
19,1907,4.21530685424805,1,,,,5.26913375854492,,,5.42664489746094,5.11162261962891,,2.22401218414307,7.01031646728516
19,1908,6.06971015930176,1,,,,7.1427734375,,,6.79348907470703,7.49205780029297,,3.14468975067139,6.96735763549805
19,1909,3.91562576293945,1,,,,4.89453239440918,,,5.1406681060791,4.64839668273926,,3.59410934448242,7.45244903564453
19,1910,,,,,,,,,,,,,
19,1911,,,,,,,,,,,,,
19,1912,,,,,,,,,,,,3.10856914520264,5.3151008605957
19,1913,7.26415100097656,1,,,,8.2125358581543,,,8.64593200683594,7.77913970947266,,2.07806854248047,6.7649787902832
19,1914,6.39910888671875,1,,,,7.99888610839844,,,8.82851104736328,7.16926116943359,,2.75767059326172,6.44958801269531
19,1981,5.97153739929199,0.5,,,,7.46442184448242,,,7.5367301940918,7.39211349487305,,4.12774276733398,5.30515289306641
19,1982,,,,,,,,,,,,3.66582717895508,4.84920310974121
19,1983,7.84506301879883,0.5,,,,9.04395294189453,,,8.58110809326172,9.50679779052734,,4.7098991394043,5.3775032043457
19,1984,4.80719718933105,1,,,,6.00899658203125,,,5.48111915588379,6.53687438964844,,3.82180480957031,6.36155319213867
19,1985,6.07570571899414,1,,,,7.15552215576172,,,8.38179931640625,5.92924575805664,,3.1456018447876,6.72718811035156
19,1986,4.96983985900879,1,4.37948417663574,4.14609985351562,,,,,7.00639877319336,4.14527854919434,4.24023742675781,3.05092868804932,4.86896896362305
19,1987,6.56718139648437,1,,,,8.00867767333984,,,8.36771697998047,7.65291748046875,,2.56917533874512,6.97771911621094
19,1989,,,,,,,,,,,,5.51474151611328,
19,1990,3.13783683776855,0.5,,,,3.92229614257813,,,3.31125831604004,4.53333358764648,,1.55844354629517,
19,1991,6.88231887817383,1,,,,8.33549957275391,,,8.28664245605469,8.38435668945312,,5.07671813964844,7.21304473876953
19,1992,6.64766693115234,1,,,,8.30958404541016,,,7.96126098632813,8.65790710449219,,2.12615146636963,7.00242080688477
19,1995,5.51274871826172,1,5.2980037689209,4.63554954528809,,,,,4.48356208801269,6.11594734191894,4.83456802368164,2.72464790344238,6.90071868896484
19,1996,5.47985496520996,1,4.37833251953125,6.56306610107422,,,,,0,5.50454978942871,3.24178314208984,3.65892181396484,5.07923774719238
19,1999,6.72877578735352,1,,,,6.50977325439453,,,6.38651733398437,6.63302841186523,,3.75415000915527,6.73827972412109
19,2001,5.85908050537109,1,7.03706359863281,6.07371826171875,,,,,6.49100646972656,7.43222427368164,6.82501907348633,3.38788223266602,5.80224533081055
19,2002,6.19607162475586,1,,,,7.74508972167969,,,7.95863800048828,7.53154067993164,,2.68996734619141,6.7344123840332
19,2003,3.75510749816895,1,4.32360496520996,3.80149917602539,,,,,7.45797882080078,3.41175079345703,4.44240684509277,2.4857177734375,7.07159118652344
19,2005,5.40642700195312,0.5,,,,6.75803375244141,,,6.60947341918945,6.90659408569336,,5.05549621582031,4.69642753601074
19,2006,,,,,,,,,,,,5.7534252166748,5.5228816986084
19,2007,6.12854423522949,1,,,,6.52018432617187,,,6.70189819335937,6.33847007751465,,3.36533203125,6.94529418945312
19,4236,,,,,,,,,,,,,
20,1703,6.37736740112305,0.5,,,9.05466537475586,7.61072387695313,9.08759155273438,9.02173919677734,8.72303085327149,6.49841613769531,,5.24631996154785,5.80544967651367
20,1704,5.5009147644043,1,5.87594413757324,5.62002639770508,,,,,5.52495918273926,6.79235687255859,5.05984573364258,2.83557682037353,7.64885787963867
20,1705,4.8890697479248,1,3.16423587799072,4.73584480285645,,,,,0,2.87469444274902,3.46986312866211,3.28902359008789,4.48781967163086
20,1706,6.22950286865234,1,,,8.00109710693359,7.71547241210938,8.30291976928711,7.69927520751953,7.72592239379883,7.70502166748047,,3.31117324829102,6.93833160400391
20,1707,5.66602783203125,1,,,8.65347061157227,6.55888977050781,8.35766525268555,8.94927597045898,6.5382682800293,6.57951126098633,,3.35721740722656,6.49768447875977
20,1708,6.4652946472168,1,5.81990737915039,6.6258918762207,,,,,0,6.59972610473633,5.04008865356445,4.90544319152832,4.92005882263184
20,1709,,,,,,,,,,,,,
20,1714,5.21256980895996,0.5,4.76761322021484,,,,,,0,5.58467483520508,3.97263450622559,9.34629516601563,6.64912872314453
20,1716,4.86028060913086,0.5,,,10,4.2736701965332,10,10,3.78681335449219,4.76052665710449,,3.98751640319824,
20,1717,4.60300788879394,0.5,6.94474563598633,,,,,,0,7.91157073974609,7.40248336791992,3.70916481018066,0.0542061030864716
20,1718,3.98376045227051,1,4.3699649810791,3.72283554077148,,,,,4.43688163757324,4.39047050476074,4.34659843444824,2.70974655151367,4.97089309692383
20,1719,6.60638885498047,1,7.47812652587891,7.89790267944336,,,,,3.44753761291504,9.01666793823242,6.98326187133789,2.35945644378662,6.21081581115723
20,1720,4.72011566162109,0.5,3.42779541015625,,,,,,0,5.44645385742187,1.2373366355896,5.55207405090332,4.88220710754395
20,1721,5.43235168457031,1,,,8.32844085693359,6.27777252197266,8.64963531494141,8.00724716186523,6.19770889282227,6.35783576965332,,3.20089454650879,7.13630676269531
20,1722,6.57195129394531,1,,,8.49941864013672,7.11177062988281,8.3394157409668,8.65942077636719,6.6609130859375,7.56262741088867,,2.74449653625488,6.98949966430664
20,1723,,,,,,,,,,,,8.83925933837891,5.31160202026367
20,1724,4.80543441772461,0.5,,,7.57550506591797,4.24698143005371,8.3394157409668,6.81159439086914,4.39764175415039,4.09632110595703,,4.05038604736328,6.26012535095215
20,1726,5.27969055175781,0.5,,,8.84573669433594,5.85090560913086,8.92335739135742,8.76811599731445,6.26947479248047,5.43233680725098,,3.77425956726074,5.40934181213379
20,1727,,,,,,,,,,,,,
20,1728,4.99621963500977,0.5,,,8.57294006347656,5.46938591003418,8.63138732910156,8.51449279785156,5.45858345031738,5.48018836975098,,6.49811630249023,5.55516929626465
20,1729,6.77635879516602,0.5,,,8.67356872558594,8.40274200439453,8.90510940551758,8.4420280456543,8.76082763671875,8.04465713500977,,4.13289222717285,5.76489944458008
20,1731,,,,,,,,,,,,7.40158233642578,
20,1733,6.07147483825684,1,,,7.96374206542969,7.46454391479492,7.99270172119141,7.93478317260742,6.8943977355957,8.03469009399414,,3.55700721740723,7.26855926513672
20,1734,5.17157020568848,0.5,,,9.79926986694336,5.35286026000977,9.59853973388672,10,5.47905158996582,5.22666893005371,,5.5310905456543,5.52659873962402
20,1874,5.59686889648438,1,,,9.64673919677734,5.45003280639648,10,9.29347839355469,6.10840148925781,4.79166412353516,,3.52221717834473,5.8333065032959
20,1875,,,,,,,,,,,,6.37618103027344,3.59690475463867
20,1876,4.87394027709961,0.5,,,7.25000610351563,5.70656509399414,7.13503570556641,7.37318878173828,4.40048789978027,7.01264190673828,,5.49859275817871,5.43873634338379
20,1877,4.94101676940918,1,,,7.5,5.73502769470215,7.5,7.5,5.61372184753418,5.85633354187012,,1.37421207427979,6.96353530883789
20,1878,6.18425674438477,1,,,7.40975036621094,7.83717803955078,7.59124069213867,7.22826080322266,8.15355377197266,7.52080230712891,,4.27958679199219,8.5999153137207
20,1879,7.0074592590332,1,,,9.55615997314453,8.49371185302734,10,9.11231918334961,9.02019805908203,7.96722640991211,,3.07505302429199,7.15594787597656
20,1880,5.84601364135742,1,,,7.87131042480469,7.11958618164063,7.48175201416016,8.26086883544922,7.30216293334961,6.93701019287109,,2.98730792999268,5.72163200378418
20,1881,5.81064643859863,1,,,8.22609252929687,6.94237976074219,7.90146026611328,8.55072479248047,7.13882675170898,6.74593200683594,,3.27459144592285,7.10027084350586
20,1882,,,,,,,,,,,,4.2617317199707,6.06775817871094
20,1883,6.16863059997559,1,,,7.70178833007813,7.43306884765625,8.19343109130859,7.2101448059082,7.95873489379883,6.90740356445312,,2.93868217468262,8.07169342041016
20,1887,3.76400756835938,1,5.15682144165039,6.54234161376953,,,,,6.06559104919434,5.18641014099121,4.92239875793457,2.63536472320557,5.27232208251953
20,1888,6.87491836547852,1,,,8.33782958984375,8.06887054443359,8.74087600708008,7.93478317260742,7.91035308837891,8.22738800048828,,3.64586982727051,7.20943984985352
20,1889,5.74643592834473,1,,,7.62859649658203,7.03452758789062,7.99270172119141,7.26449203491211,7.28197479248047,6.78708114624023,,3.67866897583008,7.04231643676758
20,1890,6.21672744750977,1,5.70823554992676,7.37391204833984,,,,,2.07373752593994,5.61088829040527,6.59843292236328,2.31703510284424,5.19415054321289
20,1891,,,,,,,,,,,,7.51844635009766,
20,1892,6.41343460083008,1,6.54666137695312,8.44239044189453,,,,,6.60481262207031,7.95625228881836,5.05275115966797,0.99887809753418,7.58266448974609
20,1893,,,,,,,,,,,,,
20,1894,,,,,,,,,,,,,
20,1896,8.06625671386719,1,9.2844596862793,7.39153137207031,,,,,8.8598274230957,9.32906494140625,9.28441390991211,2.92268962860107,6.26515808105469
20,1899,6.17688941955566,1,,,9.6005241394043,7.09464111328125,9.74452590942383,9.45652236938477,7.37233963012695,6.81694183349609,,3.97035636901855,6.48378448486328
20,1901,5.81795845031738,1,,,8.46431121826172,6.87516021728516,8.64963531494141,8.27898635864258,6.27267379760742,7.47764587402344,,1.52689256668091,6.97806777954102
20,1902,5.90570259094238,0.5,,,7.85471496582031,6.57322311401367,7.90146026611328,7.8079704284668,6.32386932373047,6.82257690429688,,3.88924522399902,7.09203491210937
20,1903,6.95130310058594,1,,,9.22755966186523,8.50965194702149,9.30656890869141,9.14855041503906,9.4360969543457,7.58320693969727,,2.59124641418457,7.05287704467773
20,1904,5.58531265258789,1,,,8.4199462890625,5.92158966064453,8.90510940551758,7.93478317260742,6.99524841308594,4.8479305267334,,3.23080711364746,6.98799896240234
20,1905,,,,,,,,,,,,4.58427658081055,6.7743896484375
20,1906,5.69478073120117,1,,,7.45332183837891,7.0068603515625,7.11678771972656,7.7898551940918,7.10941696166992,6.90430450439453,,3.2295295715332,7.09645080566406
20,1907,5.46192398071289,1,,,8.24506683349609,6.35485076904297,8.13868560791016,8.35144882202149,6.52166976928711,6.1880313873291,,2.28789520263672,7.20922546386719
20,1908,6.15728340148926,1,,,7.03473815917969,7.51045532226563,6.58759155273438,7.48188400268555,7.13948440551758,7.88142623901367,,3.28583374023437,7.06259155273438
20,1909,4.24136734008789,1,,,6.67248458862305,4.84478378295898,6.60583953857422,6.73912963867187,5.13835067749023,4.55121688842773,,3.6526912689209,7.54055023193359
20,1910,,,,,,,,,,,,,
20,1911,,,,,,,,,,,,,
20,1912,,,,,,,,,,,,3.0582893371582,5.6526725769043
20,1913,8.14036102294922,1,,,9.26451873779297,8.40036163330078,9.50729904174805,9.02173919677734,9.00250396728516,7.79821929931641,,2.56815013885498,6.98804397583008
20,1914,6.22432518005371,1,,,7.59137344360352,7.84341735839844,7.71897811889648,7.46376876831055,8.55866775512695,7.12816772460937,,2.63206882476807,6.79362335205078
20,1981,7.09989242553711,0.5,,,10,7.43003997802734,10,10,6.89344940185547,7.96663055419922,,4.84588165283203,5.75285873413086
20,1982,,,,,,,,,,,,5.09402618408203,5.3751091003418
20,1983,7.26260147094727,0.5,,,8.456640625,8.58609161376953,9.03284683227539,7.88043441772461,8.10762481689453,9.06455764770508,,5.31384086608887,5.6344783782959
20,1984,5.61188697814941,1,,,7.01106796264648,7.01612243652344,7.55474472045898,6.46739120483398,7.15411224365234,6.87813186645508,,3.76430015563965,6.3684024810791
20,1985,6.28318061828613,1,,,7.54786834716797,7.55747985839844,8.21167907714844,6.8840576171875,8.58418884277344,6.53077163696289,,3.33660202026367,6.96365814208984
20,1986,4.57700614929199,1,4.54017562866211,4.67805023193359,,,,,6.11862602233887,4.66864395141602,4.19262428283691,3.24256553649902,4.94672203063965
20,1987,6.53151092529297,1,,,8.14609069824219,8.17048797607422,8.32116775512695,7.97101440429688,8.70211639404297,7.64448471069336,,2.7168966293335,7.08636016845703
20,1989,,,,,,,,,,,,4.59374198913574,6.11767196655273
20,1990,,,,,,,,,,,,2.13017501831055,
20,1991,6.97571792602539,1,,,9.90942077636719,8.32305603027344,10,9.81884155273437,8.39205627441406,8.25405502319336,,4.92205047607422,6.97857894897461
20,1992,6.30796661376953,1,,,7.84757385253906,7.89741973876953,8.43065643310547,7.26449203491211,7.73413696289063,8.06070175170898,,2.21715641021729,7.21379699707031
20,1995,5.4285400390625,1,5.51093711853027,4.6032527923584,,,,,5.12779846191406,6.37190055847168,4.76056251525879,2.92338752746582,6.94335250854492
20,1996,5.88691864013672,1,5.74912719726562,8.22704620361328,,,,,0,7.38315200805664,4.10076904296875,3.53218688964844,5.26988830566406
20,1999,7.37394866943359,1,,,9.89051055908203,6.01837005615234,9.78102111816406,10,5.74139823913574,6.29534149169922,,3.91591606140137,6.8695068359375
20,2001,6.19730987548828,1,6.53610000610352,6.07652854919434,,,,,5.21419525146484,7.17164840698242,6.35638732910156,3.26065673828125,5.91147232055664
20,2002,5.82884941101074,1,,,7.8281364440918,7.10537033081055,8.06569290161133,7.59057998657227,7.70029830932617,6.51044235229492,,2.55373096466064,6.92642211914062
20,2003,3.33904342651367,1,4.36186599731445,3.6214298248291,,,,,7.487890625,2.88809356689453,5.01594543457031,2.96885929107666,6.91943435668945
20,2005,5.12913932800293,0.5,,,7.27467422485352,6.12367401123047,7.81021881103516,6.73912963867187,5.96814842224121,6.27919921875,,5.21416854858398,5.05188980102539
20,2006,,,,,,,,,,,,5.19212646484375,6.49895553588867
20,2007,6.44958724975586,1,,,7.74661407470703,7.43383331298828,8.06569290161133,7.42753601074219,7.89309310913086,6.9745735168457,,3.59689636230469,7.16288604736328
20,4236,,,,,,,,,,,,3.93620491027832,6.5141845703125
21,1703,6.45305709838867,0.5,,,8.95379104614258,7.77049789428711,9.577490234375,8.33009185791016,9.1731559753418,6.36783981323242,,5.42007942199707,5.56647338867188
21,1704,5.7109001159668,1,6.16867599487305,4.78127593994141,,,,,4.87485618591309,6.51452789306641,6.35175285339355,2.80267086029053,7.51949996948242
21,1705,5.20829849243164,1,3.72905426025391,6.94705657958984,,,,,0,4.10401000976563,3.32972602844238,3.10633392333984,4.80682373046875
21,1706,6.47047119140625,1,,,8.30556182861328,8.01559753417969,8.35078887939453,8.26033477783203,8.04299850463867,7.98819580078125,,3.45194320678711,6.86205673217773
21,1707,5.81812858581543,1,,,7.3697998046875,7.24028091430664,7.69419021606445,7.04540939331055,7.19829177856445,7.28183288574219,,3.63524742126465,6.50824737548828
21,1708,6.48506546020508,1,5.6233943939209,8.18705596923828,,,,,0,7.43465347290039,3.81213531494141,4.78828125,4.94991149902344
21,1709,,,,,,,,,,,,9.75449371337891,0.45715069770813
21,1714,5.3258171081543,0.5,4.17531814575195,,,,,,0,6.02787437438965,2.42026481628418,7.19652328491211,7.17319793701172
21,1716,5.5411735534668,0.5,,,8.99779510498047,5.65150146484375,8.90104293823242,9.09454803466797,5.25802459716797,6.04497871398926,,5.0306282043457,
21,1717,5.69888687133789,0.5,7.20769577026367,,,,,,0.101214420795441,7.93272705078125,7.94040451049805,4.68106498718262,0.0277282506227493
21,1718,4.36149024963379,1,4.0808422088623,4.7518009185791,,,,,1.77777786254883,4.56276016235352,3.59533615112305,2.83840923309326,4.90288467407227
21,1719,5.60039596557617,1,6.62174453735352,8.34496383666992,,,,,3.44135704040527,9.12057952880859,4.79209022521973,2.3333381652832,5.98774490356445
21,1720,4.72572631835938,0.5,2.36988334655762,,,,,,0,4.19669952392578,0.399787378311157,4.97374458312988,4.85074653625488
21,1721,5.35958976745605,1,,,8.26461486816406,6.17777824401855,8.5064323425293,8.02279739379883,6.3523624420166,6.00319404602051,,3.18878116607666,7.07427444458008
21,1722,6.31019325256348,1,,,7.92487487792969,7.21160430908203,7.87674255371094,7.97300796508789,7.02613220214844,7.39707641601562,,2.96672134399414,6.971630859375
21,1723,,,,,,,,,,,,8.44059677124023,6.20204048156738
21,1724,4.91474609375,0.5,,,7.1581787109375,4.80732955932617,7.37900695800781,6.93735122680664,5.26903076171875,4.34562873840332,,4.17423515319824,5.98925437927246
21,1726,4.92345886230469,0.5,,,7.89742736816406,5.57328872680664,7.70638732910156,8.08846817016602,5.56129417419434,5.58528289794922,,3.70154876708984,5.34661865234375
21,1727,,,,,,,,,,,,3.94748573303223,
21,1728,4.79958076477051,0.5,,,7.49712295532227,5.50026054382324,7.72921142578125,7.26503448486328,5.44983253479004,5.55068855285645,,6.76631317138672,5.50900459289551
21,1729,6.55482330322266,0.5,,,8.1269401550293,8.21572494506836,8.414013671875,7.83986663818359,8.41050186157227,8.02094802856445,,4.18357276916504,5.79266662597656
21,1731,,,,,,,,,,,,7.91697692871094,
21,1733,6.16681175231934,1,,,8.14405899047852,7.56333312988281,8.13544387817383,8.1526741027832,7.54217987060547,7.58448715209961,,3.82982368469238,6.82191009521484
21,1734,5.15464744567871,0.5,,,8.11474685668945,5.88616333007812,8.44324798583984,7.78624572753906,6.19035034179687,5.5819766998291,,5.7733943939209,5.53039779663086
21,1874,5.94740676879883,0.5,,,8.98237152099609,6.57528533935547,9.12881011962891,8.83593292236328,7.136767578125,6.01380348205566,,3.6497241973877,5.69026184082031
21,1875,5.23530502319336,0.5,,,4.13287048339844,7.34788513183594,4.77272720336914,3.49301414489746,7.51332168579102,7.18244781494141,,5.53974800109863,4.27655067443848
21,1876,4.95068435668945,0.5,,,7.57343139648438,5.72666320800781,7.12380676269531,8.03856048583984,4.92948875427246,6.52383804321289,,5.42690505981445,5.74652137756348
21,1877,5.25033569335938,1,,,7.43975677490234,6.27064056396484,7.47550659179687,7.40400619506836,6.74216232299805,5.79911918640137,,1.36129140853882,6.60161895751953
21,1878,6.65976867675781,1,,,7.69197082519531,8.53562469482422,7.70852355957031,7.67541809082031,9.10666961669922,7.96458053588867,,4.22681732177734,8.6663818359375
21,1879,6.67383575439453,1,,,9.42962951660156,7.97984924316406,9.26096572875977,9.59829330444336,8.23796920776367,7.72172927856445,,2.97797203063965,7.13447265625
21,1880,5.61362075805664,1,,,7.76114730834961,6.76898574829102,7.59207992553711,7.93021469116211,6.63105392456055,6.90691757202148,,3.3025203704834,5.58216438293457
21,1881,6.32226982116699,1,,,8.89690856933594,6.78216705322266,8.87899627685547,8.91482162475586,7.00512084960937,6.55921249389648,,3.17005844116211,7.00676803588867
21,1882,,,,,,,,,,,,4.52568168640137,6.03350410461426
21,1883,5.91449737548828,1,,,6.42415313720703,7.48148498535156,6.85751495361328,5.99079055786133,7.96882171630859,6.99414901733398,,3.17165241241455,7.97293319702148
21,1887,4.83138618469238,1,4.90475807189941,6.51040878295898,,,,,7.209423828125,5.57779197692871,3.80816192626953,2.84983749389648,5.20357513427734
21,1888,6.81731567382812,1,,,8.75849914550781,7.94793701171875,8.88208847045899,8.63491058349609,8.03607025146484,7.85980453491211,,3.9344425201416,7.17321548461914
21,1889,5.87676010131836,1,,,7.244091796875,7.37990264892578,7.43161392211914,7.05656890869141,7.23807220458984,7.52173309326172,,3.72849578857422,6.95873947143555
21,1890,5.92483749389648,1,4.3756420135498,6.47525177001953,,,,,2.10587120056152,4.80930671691894,4.39593162536621,2.33625869750977,5.04948959350586
21,1891,,,,,,,,,,,,7.85801239013672,
21,1892,7.32284088134766,1,7.29332809448242,8.68723678588867,,,,,7.16776657104492,8.27800216674805,6.30317268371582,0.979097652435303,7.50174179077148
21,1893,,,,,,,,,,,,,
21,1894,,,,,,,,,,,,9.53867416381836,1.82559623718262
21,1896,6.26175270080566,1,8.24179611206055,8.49620971679687,,,,,9.57055435180664,9.31511535644531,6.95573883056641,3.6067569732666,4.10800476074219
21,1899,6.10178756713867,1,,,8.74531097412109,7.25454254150391,8.82271499633789,8.6679069519043,7.52829360961914,6.98079071044922,,3.77208938598633,6.52649383544922
21,1901,5.94600868225098,1,,,8.31676025390625,7.13776092529297,8.36498336791992,8.26853713989258,6.82553482055664,7.44998626708984,,1.78252086639404,6.95756301879883
21,1902,5.74318885803223,0.5,,,8.00133209228516,6.58007659912109,8.10002059936523,7.90264282226562,6.42286911010742,6.73728408813477,,4.01842193603516,6.84511184692383
21,1903,7.1788703918457,1,,,9.26944580078125,8.87496871948242,9.3690559387207,9.16983642578125,9.68907012939453,8.06086730957031,,3.25458183288574,7.0891960144043
21,1904,5.79399681091309,1,,,7.85244750976562,6.71620941162109,8.28258666992187,7.42230911254883,7.73031005859375,5.70210876464844,,3.46085624694824,6.90058670043945
21,1905,,,,,,,,,,,,5.14375267028809,6.64237823486328
21,1906,5.96062393188477,1,,,7.83462066650391,7.32283325195313,7.60293197631836,8.06631011962891,7.65795669555664,6.98770904541016,,3.41210899353027,7.00325775146484
21,1907,6.40831451416016,1,,,8.17645492553711,7.04483261108398,8.14384765625,8.20906219482422,7.49186477661133,6.59780044555664,,2.04497241973877,7.14887924194336
21,1908,6.29456596374512,1,,,7.30251693725586,7.79347152709961,7.0084228515625,7.59661102294922,7.87999877929687,7.70694427490234,,3.55154495239258,6.79432754516602
21,1909,4.88261566162109,1,,,7.05543823242188,5.78588027954102,7.39976425170898,6.71111297607422,6.23607597351074,5.33568496704102,,3.55750274658203,7.36742248535156
21,1910,,,,,,,,,,,,,
21,1911,,,,,,,,,,,,,
21,1912,,,,,,,,,,,,3.03794727325439,5.6562370300293
21,1913,8.50506896972656,1,,,8.751220703125,8.64710235595703,8.81066284179687,8.69177932739258,9.00271835327148,8.29148712158203,,2.97353630065918,6.86832046508789
21,1914,6.25537948608398,1,,,7.61703796386719,7.88661956787109,7.94968490600586,7.28439102172852,8.67447052001953,7.0987678527832,,3.18763656616211,6.76396713256836
21,1981,7.10747833251953,0.5,,,9.30788116455078,7.90959625244141,9.19942169189453,9.41633987426758,7.11257934570312,8.70661315917969,,5.59093704223633,5.59823036193848
21,1982,,,,,,,,,,,,6.15030517578125,5.46370544433594
21,1983,6.75236740112305,0.5,,,7.80341339111328,8.29583053588867,8.22686386108398,7.37996368408203,8.10918197631836,8.48247909545898,,5.15858459472656,5.57177124023437
21,1984,5.74499702453613,1,,,7.23700408935547,7.16266021728516,7.53157348632813,6.94243392944336,7.34102554321289,6.98429489135742,,3.79550666809082,6.31640319824219
21,1985,6.51349563598633,1,,,8.06583251953125,7.67979965209961,8.27141342163086,7.86025085449219,8.50856704711914,6.85103225708008,,3.31487121582031,6.887451171875
21,1986,4.40959930419922,1,4.07118797302246,4.44979629516602,,,,,5.08514976501465,4.56735153198242,3.45378379821777,3.05662574768066,4.78818244934082
21,1987,6.65322570800781,1,,,7.90375366210938,8.45412445068359,8.22100524902344,7.58650131225586,9.02176971435547,7.88953170776367,,2.79335823059082,6.99106826782227
21,1989,,,,,,,,,,,,4.53759117126465,5.61772766113281
21,1990,,,,,,,,,,,,2.79206237792969,
21,1991,6.93891296386719,1,,,9.08001098632812,8.53818511962891,8.83967895507812,9.32034378051758,8.68451843261719,8.39185180664063,,5.02909660339355,6.69695739746094
21,1992,6.34782447814941,1,,,8.13559646606445,7.86784210205078,8.52620849609375,7.74498443603516,8.0300048828125,7.70567932128906,,2.33856334686279,7.16604461669922
21,1995,5.66026954650879,1,5.80010719299316,2.84771041870117,,,,,5.14359474182129,5.92235336303711,6.03376502990723,3.20473861694336,6.87219696044922
21,1996,5.79538116455078,1,4.51447257995605,8.98030624389648,,,,,0,6.24496078491211,2.7560733795166,3.5861385345459,5.15540962219238
21,1999,7.23167572021484,1,,,9.25673370361328,6.02568893432617,9.24530029296875,9.26816711425781,5.99768524169922,6.05369300842285,,3.9916618347168,6.74898300170898
21,2001,6.23512153625488,1,5.67047538757324,6.39295463562012,,,,,4.95571022033691,7.08057708740234,4.45351371765137,3.32472305297852,5.69264068603516
21,2002,6.37704086303711,1,,,8.58726806640625,7.76597900390625,8.66935958862305,8.50517730712891,8.46550979614258,7.06644897460937,,2.36258296966553,6.92822036743164
21,2003,3.8268123626709,1,5.00315017700195,3.31648902893066,,,,,7.60868377685547,2.92611522674561,6.41002807617187,3.56495361328125,6.66329574584961
21,2005,5.27831573486328,0.5,,,8.47506866455078,5.97217025756836,8.61739196777344,8.33274536132813,5.73106460571289,6.21327629089356,,5.41883964538574,4.89888420104981
21,2006,,,,,,,,,,,,4.87563591003418,6.29217376708984
21,2007,7.18959197998047,1,,,7.79827270507812,7.96714630126953,7.87795104980469,7.71859436035156,8.19139022827148,7.74290237426758,,3.8896614074707,6.98997650146484
21,4236,,,,,,,,,,,,5.20844955444336,5.87399368286133
22,1703,6.00948791503906,0.5,,,8.16858978271484,7.29294967651367,8.55221862792969,7.7849609375,8.590283203125,5.99561576843262,,5.66987342834473,5.39718818664551
22,1704,5.45065612792969,1,5.82169227600098,4.20486526489258,,,,,4.58721809387207,6.18220024108887,5.97283897399902,2.80813369750977,7.40367202758789
22,1705,5.72140655517578,1,4.37318305969238,6.94823913574219,,,,,0,4.91804351806641,3.78170356750488,3.46494979858398,4.98195266723633
22,1706,6.22984504699707,1,,,8.42682037353516,7.57413482666016,8.36452484130859,8.48911666870117,7.7496337890625,7.39863662719727,,3.47316513061523,6.69609222412109
22,1707,6.20086822509766,1,,,7.5164794921875,7.82928695678711,7.9826545715332,7.05030517578125,8.12404403686523,7.54036636352539,,3.99463005065918,6.3999137878418
22,1708,5.81774406433105,1,5.77156524658203,8.27379913330078,,,,,0,7.69087677001953,3.85225410461426,4.59888916015625,4.91175537109375
22,1709,,,,,,,,,,,,9.86956481933594,0.504696607589722
22,1714,,,,,,,,,,,,4.89415855407715,7.5
22,1716,5.22598876953125,0.5,,,8.72384948730469,5.4353385925293,8.54445114135742,8.90324859619141,5.19608001708984,5.67459678649902,,5.18299369812012,
22,1717,5.70499229431152,0.5,7.14691772460938,,,,,,5.24040184020996,6.63063659667969,8.20791702270508,4.27945747375488,0.126341962814331
22,1718,4.92054252624512,1,4.62981605529785,5.59396133422852,,,,,0,5.2016731262207,4.0543586730957,2.97516231536865,4.91591148376465
22,1719,5.25175895690918,1,6.48163223266602,8.9956672668457,,,,,2.84233818054199,9.01143569946289,4.72317047119141,2.6628776550293,5.8961181640625
22,1720,4.42718200683594,0.5,2.18927059173584,,,,,,0,4.01027221679688,0.122187733650208,5.06387214660645,4.81476440429688
22,1721,5.61822319030762,1,,,8.04425048828125,5.95219650268555,8.31781158447266,7.77068862915039,6.29483299255371,5.60956039428711,,3.42076873779297,6.86950302124023
22,1722,6.34108963012695,1,,,7.54193878173828,7.72310485839844,7.69580383300781,7.3880729675293,7.55644149780273,7.88976898193359,,3.49351615905762,6.81903762817383
22,1723,,,,,,,,,,,,6.72445602416992,6.88378753662109
22,1724,4.50659027099609,0.5,,,6.60660171508789,4.6161003112793,6.89496612548828,6.31823768615723,5.20790481567383,4.02429580688477,,4.28956527709961,5.7956859588623
22,1726,4.74921646118164,0.5,,,6.91384429931641,5.61074600219727,7.04417190551758,6.78351745605469,6.06738128662109,5.15411071777344,,4.73019676208496,5.00640106201172
22,1727,,,,,,,,,,,,4.61179351806641,
22,1728,4.72164764404297,0.5,,,6.51363754272461,5.69820022583008,6.78761901855469,6.2396556854248,5.85641059875488,5.53998985290527,,6.87531204223633,5.51140785217285
22,1729,6.03489189147949,0.5,,,7.63121185302734,7.5144157409668,8.18037261962891,7.08205108642578,7.49584350585937,7.53298797607422,,5.08752326965332,5.75047988891602
22,1731,,,,,,,,,,,,7.18417205810547,
22,1733,5.7181022644043,1,,,7.93791198730469,6.88419952392578,8.15062484741211,7.72519989013672,7.08595657348633,6.68244323730469,,4.08994102478027,6.48359375
22,1734,5.44337997436523,0.5,,,7.66830139160156,6.5161994934082,8.09997406005859,7.23662796020508,6.49863052368164,6.53376846313477,,5.68438148498535,5.48664970397949
22,1874,5.60829048156738,0.5,,,8.40509643554688,6.54545211791992,8.54213790893555,8.26805419921875,7.14269332885742,5.94821128845215,,4.15126266479492,5.54512596130371
22,1875,4.93002166748047,0.5,,,5.60447235107422,6.34854507446289,6.11006774902344,5.09887733459473,6.82383880615234,5.87325096130371,,5.30036125183105,4.8054370880127
22,1876,5.29196281433105,0.5,,,7.27298355102539,6.39561004638672,7.03083114624023,7.5198844909668,6.04201698303223,6.74920272827148,,5.33496131896973,6.01756629943848
22,1877,5.38699340820312,1,,,7.35309143066406,6.52729187011719,7.63023376464844,7.07594909667969,7.16749572753906,5.88708763122559,,2.4546558380127,6.18513107299805
22,1878,6.70117111206055,1,,,8.00416793823242,8.50056304931641,8.07534332275391,7.93299255371094,8.95557403564453,8.04555282592773,,4.2796085357666,8.0801872253418
22,1879,6.25995559692383,1,,,9.21717987060547,7.36086578369141,8.88007278442383,9.55428771972656,7.41407928466797,7.30765151977539,,3.32522239685059,6.84538345336914
22,1880,5.4866081237793,1,,,7.16323699951172,6.75660095214844,7.29717178344727,7.02930145263672,7.10264434814453,6.41055679321289,,3.67775001525879,5.46513862609863
22,1881,6.59572296142578,1,,,8.50142669677734,6.64845886230469,8.82028350830078,8.18256988525391,7.07041625976562,6.2265022277832,,3.45941047668457,6.76845092773438
22,1882,,,,,,,,,,,,4.66003952026367,5.94417114257813
22,1883,5.41644897460938,1,,,6.15782470703125,6.97480697631836,6.71036148071289,5.60528831481934,7.10331573486328,6.84629821777344,,3.43266296386719,7.69873657226563
22,1887,4.71557159423828,1,5.09731521606445,6.12326507568359,,,,,6.42217025756836,5.73485717773437,3.92484436035156,3.30012893676758,5.203125
22,1888,6.52748870849609,1,,,8.6437255859375,7.75515289306641,8.89814300537109,8.38930740356445,8.67383575439453,6.83647003173828,,4.31308898925781,6.90407257080078
22,1889,5.32726211547852,1,,,7.44422149658203,6.39736328125,7.5052490234375,7.38319396972656,6.2343879699707,6.5603385925293,,4.01003265380859,6.80098571777344
22,1890,5.53195495605469,1,4.17477722167969,6.02254104614258,,,,,2.15575275421143,5.17487487792969,3.69759216308594,2.83854064941406,4.95775184631348
22,1891,,,,,,,,,,,,8.42483367919922,
22,1892,6.60558929443359,1,6.99412002563477,8.11776504516602,,,,,7.17612609863281,7.81634674072266,6.07599754333496,1.67926807403564,7.44490051269531
22,1893,,,,,,,,,,,,7.30802764892578,
22,1894,,,,,,,,,,,,9.67616195678711,1.02291030883789
22,1896,6.45882568359375,1,7.67818603515625,9.06788177490234,,,,,6.57441253662109,9.03843688964844,6.2364387512207,3.33310928344727,3.95656318664551
22,1899,6.29530601501465,1,,,8.52017440795898,7.65211868286133,8.77522201538086,8.26512680053711,7.92190780639648,7.38232955932617,,3.80806503295898,6.36187133789062
22,1901,5.84956588745117,1,,,8.58550567626953,6.88744125366211,8.52390441894531,8.6471061706543,6.67259368896484,7.10228881835937,,2.56186370849609,6.88141403198242
22,1902,5.4517391204834,0.5,,,7.59495391845703,6.55458068847656,7.63302459716797,7.55688247680664,6.63087997436523,6.47828216552734,,4.05679779052734,6.56192092895508
22,1903,7.35610961914062,1,,,9.32620086669922,9.15144958496094,9.34491348266602,9.30748748779297,9.80190124511719,8.50099868774414,,3.61784019470215,6.94235153198242
22,1904,5.51786727905273,1,,,7.667626953125,6.64057006835938,8.07648391723633,7.25876998901367,7.87618637084961,5.40495376586914,,3.75225067138672,6.67775115966797
22,1905,,,,,,,,,,,,5.06647529602051,6.50513381958008
22,1906,5.84359130859375,1,,,7.92619934082031,7.0972526550293,8.05448303222656,7.79791564941406,8.16347732543945,6.02555961608887,,3.68193054199219,6.83062896728516
22,1907,6.06517028808594,1,,,8.28905639648437,6.67626037597656,8.41736907958984,8.16074371337891,7.21734466552734,6.13517608642578,,2.51116676330566,6.96880340576172
22,1908,5.48678588867188,1,,,7.31401214599609,6.70663909912109,7.35871353149414,7.26930999755859,7.10895690917969,6.30432167053223,,4.03946075439453,6.37982521057129
22,1909,5.11516571044922,1,,,6.91358184814453,6.22074890136719,7.10254745483398,6.72461547851563,7.16354141235352,5.27795600891113,,3.58004455566406,7.09782104492187
22,1910,,,,,,,,,,,,,
22,1911,,,,,,,,,,,,,
22,1912,,,,,,,,,,,,3.27720603942871,5.55159759521484
22,1913,7.95703277587891,1,,,8.12926483154297,8.24531860351562,8.32947845458984,7.92905120849609,8.62274703979492,7.86788940429688,,3.30733909606934,6.66720886230469
22,1914,5.46379241943359,1,,,6.49480667114258,6.94138488769531,6.79111633300781,6.19849700927734,8.11439208984375,5.7683780670166,,3.62027282714844,6.65365142822266
22,1981,6.90584945678711,0.5,,,8.1763313293457,8.20451812744141,8.49084930419922,7.86181335449219,7.36265335083008,9.04638290405273,,6.33057746887207,5.42131652832031
22,1982,,,,,,,,,,,,7.22226257324219,5.22133598327637
22,1983,6.3743579864502,0.5,,,7.49430847167969,8.12582702636719,7.79892730712891,7.18968963623047,7.92087631225586,8.33077774047852,,5.53974800109863,5.22853507995606
22,1984,6.22556533813477,1,,,7.38107452392578,6.57882308959961,7.70158920288086,7.06055908203125,7.16534423828125,5.99230194091797,,4.05046615600586,6.18867225646973
22,1985,6.44711456298828,1,,,7.82914428710937,7.082421875,8.30013427734375,7.35815353393555,7.64792861938477,6.51691436767578,,3.50399169921875,6.68887176513672
22,1986,4.91239776611328,1,4.4852409362793,5.09159622192383,,,,,3.50713577270508,5.30697441101074,3.72973747253418,2.81280689239502,4.65850257873535
22,1987,7.41542510986328,1,,,7.05774536132813,8.69377899169922,7.47789840698242,6.63759307861328,9.48879928588867,7.89875869750977,,3.13772830963135,6.76667785644531
22,1989,,,,,,,,,,,,4.49486351013184,5.46446495056152
22,1990,,,,,,,,,,,,3.47930145263672,
22,1991,6.87152404785156,1,,,9.20564880371094,8.38399047851562,9.1164436340332,9.29485321044922,8.71561431884766,8.05236740112305,,4.90040664672852,6.53088150024414
22,1992,6.51278533935547,1,,,7.87077331542969,8.23105087280273,8.26948852539062,7.4720573425293,8.2146598815918,8.24744186401367,,2.94264316558838,6.97301788330078
22,1995,5.65598487854004,1,5.36304359436035,2.59268741607666,,,,,4.35650901794434,5.45679130554199,5.81084823608398,3.21603126525879,6.88317642211914
22,1996,6.43913650512695,1,4.9587833404541,9.58252410888672,,,,,0,6.36637344360352,3.48662452697754,3.82779159545898,5.23377647399902
22,1999,7.05167083740234,1,,,8.88929824829102,6.12632598876953,9.00580978393555,8.77278671264648,6.2325798034668,6.02007217407227,,4.06185569763184,6.62444610595703
22,2001,6.33708190917969,1,6.19806289672852,6.48314743041992,,,,,5.27875022888184,7.62168426513672,4.98437805175781,3.16417465209961,5.6047664642334
22,2002,6.41107559204102,1,,,8.58175964355469,7.82453918457031,8.83302764892578,8.33049163818359,8.44873352050781,7.20034408569336,,2.6734245300293,6.73938903808594
22,2003,5.11362533569336,1,6.40275115966797,5.57485427856445,,,,,9.03472213745117,5.44980049133301,6.64391098022461,3.52457618713379,6.51085739135742
22,2005,5.03032722473145,0.5,,,7.58668365478516,5.85498428344727,7.70451583862305,7.46885223388672,5.90933723449707,5.80063171386719,,5.70733642578125,4.73011054992676
22,2006,,,,,,,,,,,,4.94623947143555,6.00540237426758
22,2007,7.62601013183594,1,,,8.20310363769531,7.85799179077148,8.27402877807617,8.13217849731445,8.08133850097656,7.63464508056641,,4.10429573059082,6.82668762207031
22,4236,,,,,,,,,,,,6.02012596130371,5.68041801452637
23,1703,6.59190673828125,0.5,,,8.41046752929688,8.18302154541016,9.0082145690918,7.81272125244141,8.88533401489258,7.48070907592773,,5.84170989990234,4.20112724304199
23,1704,5.18356323242188,1,5.64571113586426,4.4286937713623,,,,,4.68273124694824,5.94951515197754,5.77507019042969,3.12685832977295,7.09244079589844
23,1705,6.6275390625,1,4.8426456451416,7.98152694702148,,,,,0,5.57478485107422,4.04119148254395,3.74216651916504,4.4182201385498
23,1706,7.10470733642578,1,,,8.81550445556641,8.04569625854492,8.73585586547852,8.89515228271484,8.03190689086914,8.0594856262207,,3.7256290435791,6.09634742736816
23,1707,5.94650802612305,1,,,6.78960723876953,7.64764404296875,7.21296005249023,6.36625518798828,7.69378662109375,7.60242462158203,,4.7081428527832,5.58391036987305
23,1708,5.8620491027832,1,5.34863548278809,7.13169174194336,,,,,0,7.36648864746094,3.33078231811523,4.43850860595703,4.56347999572754
23,1709,,,,,,,,,,,,9.86956481933594,0.460489845275879
23,1714,,,,,,,,,,,,3.64217987060547,8
23,1716,5.68754196166992,0.5,,,8.71775512695313,6.39826431274414,8.81383285522461,8.62167816162109,6.18274154663086,6.61378707885742,,5.65097961425781,
23,1717,6.27456436157227,0.5,7.00233688354492,,,,,,5.93115921020508,7.05834350585937,7.31712341308594,5.78542251586914,0.306620693206787
23,1718,4.86743087768555,1,4.82044944763184,4.78868522644043,,,,,0,5.1824031829834,4.43709449768066,3.17939872741699,4.63610534667969
23,1719,5.11546745300293,1,6.30394058227539,8.46786270141602,,,,,2.61691093444824,8.3410285949707,4.91999702453613,2.9886905670166,5.60741233825684
23,1720,4.14988708496094,0.5,3.19008502960205,,,,,,0,3.65563163757324,2.66105480194092,5.48496284484863,4.42756614685059
23,1721,6.46729354858398,1,,,8.09483642578125,6.66252136230469,8.23612899780273,7.95354309082031,7.02519683837891,6.29984626770019,,3.77084083557129,6.18185806274414
23,1722,6.49178009033203,1,,,7.97332763671875,8.16185760498047,8.11300811767578,7.83364639282227,8.00577697753906,8.31793899536133,,3.98278617858887,6.21363143920898
23,1723,,,,,,,,,,,,5.54774513244629,5.85444183349609
23,1724,4.59052886962891,0.5,,,6.68582305908203,5.06043968200684,7.17079391479492,6.20085220336914,5.21307487487793,4.90780448913574,,4.74855346679688,4.37437934875488
23,1726,4.85292510986328,0.5,,,6.61374664306641,5.88362617492676,6.59473037719727,6.632763671875,6.14984130859375,5.61741104125977,,6.02829895019531,3.18081226348877
23,1727,,,,,,,,,,,,6.9205078125,
23,1728,5.34390258789062,0.5,,,6.78084106445313,6.64622421264648,7.47753143310547,6.08415145874023,6.27428207397461,7.01816635131836,,8.02171020507813,4.14638710021973
23,1729,6.34446678161621,0.5,,,7.58618545532227,8.04538269042969,7.90862274169922,7.26374816894531,7.62532501220703,8.4654411315918,,6.22101707458496,4.47598037719727
23,1731,,,,,,,,,,,,6.49533233642578,
23,1733,5.83584022521973,1,,,7.56188125610352,7.2057731628418,7.88764190673828,7.23612060546875,7.0730827331543,7.3384635925293,,4.38068580627441,5.34404373168945
23,1734,5.85584335327148,0.5,,,7.81219253540039,7.15567474365234,8.17950057983398,7.4448844909668,7.28559799194336,7.02575073242187,,6.08481330871582,4.13932266235352
23,1874,6.03677139282227,0.5,,,8.33598022460938,7.28262557983398,8.81896057128906,7.85299911499023,7.48645324707031,7.07879791259766,,4.959619140625,3.9257926940918
23,1875,5.74968605041504,0.5,,,7.04969940185547,7.23291015625,7.15944061279297,6.93995819091797,7.32711563110352,7.13870544433594,,5.85913772583008,4.15431213378906
23,1876,5.96113510131836,0.5,,,7.4898078918457,7.43862228393555,7.34873428344727,7.63278732299805,7.29781646728516,7.57942810058594,,5.64496726989746,5.55304565429688
23,1877,5.95751342773437,1,,,7.73931579589844,7.34941711425781,8.18338241577148,7.29524993896484,8.06323394775391,6.63559951782227,,3.48236045837402,4.68266296386719
23,1878,6.94931106567383,1,,,8.68418045043945,8.68745880126953,8.8563720703125,8.51198883056641,9.37783813476562,7.99707946777344,,4.67369956970215,7.02248687744141
23,1879,6.26431770324707,1,,,9.05002593994141,7.42385406494141,8.64401245117188,9.45604019165039,7.17306213378906,7.6746452331543,,3.77914276123047,6.12679901123047
23,1880,5.56065330505371,1,,,6.73658828735352,7.02222595214844,6.94092254638672,6.53225402832031,7.27404937744141,6.77040328979492,,4.26534194946289,4.08206100463867
23,1881,7.36022109985352,1,,,8.50864028930664,7.75172576904297,8.70285034179688,8.31443023681641,8.03787155151367,7.46557998657227,,3.75808181762695,6.28449974060059
23,1882,,,,,,,,,,,,5.01612548828125,4.71996612548828
23,1883,5.22795333862305,1,,,6.58526077270508,6.51816864013672,6.83337326049805,6.33714790344238,6.76096267700195,6.27537498474121,,3.76403198242188,7.04341812133789
23,1887,4.12965698242188,1,5.24310874938965,6.69045791625977,,,,,5.04723739624023,6.09665908813477,4.14864768981934,3.62583808898926,4.90760536193848
23,1888,6.65212631225586,1,,,8.69365081787109,8.18899383544922,8.80888595581055,8.57841491699219,9.02153472900391,7.35645370483398,,4.78350257873535,6.60397262573242
23,1889,5.83804626464844,1,,,7.8808235168457,7.10313568115234,7.88365249633789,7.87799453735352,6.93263397216797,7.27363815307617,,4.4058292388916,6.02535514831543
23,1890,5.54491424560547,1,3.59917297363281,5.22816581726074,,,,,2.70682067871094,4.39343070983887,3.00800189971924,3.25876502990723,4.47376403808594
23,1891,,,,,,,,,,,,9.18267974853516,
23,1892,6.28670387268066,1,6.86566619873047,8.11942977905273,,,,,7.26368713378906,7.59239273071289,5.9797306060791,2.169970703125,7.11297988891602
23,1893,,,,,,,,,,,,8.57555313110351,
23,1894,,,,,,,,,,,,9.67616195678711,1.06357336044312
23,1896,6.22096748352051,1,7.05342102050781,8.17521438598633,,,,,5.31725883483887,8.26011123657227,5.69874687194824,3.10211048126221,3.42950706481934
23,1899,6.36006927490234,1,,,8.25662231445312,7.84790802001953,8.40318984985351,8.11005477905274,8.03131561279297,7.66450119018555,,4.10560684204102,5.75271263122559
23,1901,5.90977020263672,1,,,8.25830688476563,7.09684829711914,8.06840667724609,8.44820785522461,6.80819244384766,7.38550415039063,,3.27912750244141,6.51800155639648
23,1902,5.97428894042969,0.5,,,7.659765625,7.4038932800293,7.70857086181641,7.61096115112305,7.23113098144531,7.57665557861328,,4.45816040039062,5.46602325439453
23,1903,7.48011245727539,1,,,9.2104133605957,9.39671630859375,9.15412750244141,9.26669921875,9.89462814331055,8.89880523681641,,3.8211784362793,6.23926162719727
23,1904,6.49782867431641,1,,,7.58007354736328,7.27672119140625,7.97092742919922,7.18921966552734,8.02547988891602,6.52796249389648,,4.15660972595215,5.96326293945313
23,1905,,,,,,,,,,,,5.24549446105957,5.72472457885742
23,1906,5.99001770019531,1,,,8.37414627075195,7.1919807434082,8.66325302124023,8.08105239868164,8.12563095092773,6.25305519104004,,3.96332931518555,6.09458618164062
23,1907,6.33205757141113,1,,,7.76132659912109,7.52031860351562,8.04583435058594,7.4768196105957,7.9439323425293,7.09670562744141,,3.09452114105225,6.38938293457031
23,1908,5.44031448364258,1,,,7.98999328613281,6.40385971069336,8.20155715942383,7.77843017578125,6.2182559967041,6.58946304321289,,4.61682929992676,5.53471641540527
23,1909,6.63352890014648,1,,,7.24241638183594,7.34872665405273,7.53231735229492,6.95251617431641,8.05835189819336,6.63910140991211,,3.97269477844238,6.66980438232422
23,1910,,,,,,,,,,,,5.15534210205078,
23,1911,,,,,,,,,,,,,
23,1912,,,,,,,,,,,,3.91412963867187,4.29812965393066
23,1913,7.22984466552734,1,,,8.53015747070313,7.9055046081543,8.73013076782227,8.33018341064453,7.75405197143555,8.05695724487305,,3.69734840393066,5.87061958312988
23,1914,5.41668968200684,1,,,6.29256553649902,6.93029403686523,6.74032974243164,5.84480133056641,7.92377166748047,5.93681640625,,4.16075401306152,6.16534576416016
23,1981,6.45927963256836,0.5,,,7.76784744262695,7.8823112487793,8.24457321166992,7.29112167358398,7.35609741210938,8.39945220947266,,6.80705795288086,3.84986190795898
23,1982,,,,,,,,,,,,8.069921875,3.49373550415039
23,1983,6.29076194763184,0.5,,,7.62170867919922,7.94403381347656,7.96784439086914,7.27557220458984,7.61629943847656,8.27176818847656,,6.11455612182617,4.12518157958984
23,1984,6.41976623535156,1,,,7.60896453857422,7.17427825927734,7.79651031494141,7.42141952514648,7.47827682495117,6.8726188659668,,4.41490211486816,5.47881011962891
23,1985,6.75039367675781,1,,,7.86359710693359,7.96658325195312,8.25757751464844,7.46718444824219,8.13985443115234,7.79331283569336,,3.67503318786621,6.07125358581543
23,1986,4.70840721130371,1,4.54704170227051,4.20827293395996,,,,,2.10876159667969,5.19616737365723,4.08609962463379,2.43512172698975,4.27772331237793
23,1987,7.336572265625,1,,,7.13339233398438,8.86272125244141,7.35168838500977,6.91509704589844,9.59684906005859,8.12859344482422,,3.52196197509766,5.96057815551758
23,1989,,,,,,,,,,,,5.83498878479004,3.84633903503418
23,1990,,,,,,,,,,,,4.12563667297363,
23,1991,6.49766693115234,1,,,8.80954132080078,7.8929313659668,8.7042350769043,8.91484832763672,8.06880340576172,7.71705932617188,,6.34785079956055,5.64449195861816
23,1992,6.72673416137695,1,,,8.51305236816406,8.37353973388672,8.95264892578125,8.07345657348633,8.41899642944336,8.32808227539062,,3.48045539855957,6.43077392578125
23,1995,5.55966186523438,1,5.16158294677734,2.87793750762939,,,,,3.69379959106445,5.18843040466309,5.92416229248047,3.44803276062012,6.6741081237793
23,1996,6.96527481079102,1,5.5343147277832,9.51346893310547,,,,,0,6.63087921142578,4.37738876342773,4.30459861755371,4.69817657470703
23,1999,6.89988250732422,1,,,8.81119537353516,7.00966186523438,9.00913772583008,8.61325378417969,7.10003433227539,6.91929016113281,,4.41266860961914,5.97314491271973
23,2001,6.16824188232422,1,6.82386474609375,7.02840347290039,,,,,5.98633117675781,8.28970336914062,5.5344669342041,2.89387340545654,5.24973678588867
23,2002,6.61781311035156,1,,,7.93044281005859,8.38620758056641,8.38119812011719,7.4796875,8.81504974365234,7.95736465454102,,3.37080574035645,6.18338317871094
23,2003,5.37574081420898,1,6.3660888671875,5.77537307739258,,,,,8.24172058105469,5.3855037689209,6.87869567871094,3.9086067199707,6.23133354187012
23,2005,5.33450355529785,0.5,,,7.68626098632812,6.32875213623047,7.75858459472656,7.61393737792969,6.28208389282227,6.37542037963867,,5.74329490661621,2.75213661193848
23,2006,,,,,,,,,,,,4.99849662780762,4.83533706665039
23,2007,7.40947189331055,1,,,8.36711120605469,8.03148193359375,8.26715469360352,8.46706848144531,8.18302841186523,7.87993545532227,,4.46457901000977,6.10346946716309
23,4236,,,,,,,,,,,,8.00688934326172,3.58979072570801
24,1703,6.84843826293945,0.5,,,8.70837173461914,8.51127319335938,9.26490173339844,8.15184173583984,8.96251068115234,8.06003570556641,,5.90155334472656,3.48774147033691
24,1704,5.45525894165039,1,5.66497611999512,4.52949409484863,,,,,4.74457626342773,5.91060523986816,5.86510047912598,3.2578441619873,6.82113265991211
24,1705,6.3426025390625,1,4.77663307189941,8.25760345458984,,,,,0,5.53583335876465,3.95903282165527,4.1720947265625,4.2607608795166
24,1706,7.1214599609375,1,,,9.01189727783203,8.23760833740234,8.88046417236328,9.14333114624023,8.19267044067383,8.28254623413086,,3.7413257598877,5.99931678771973
24,1707,6.03611526489258,1,,,6.69682922363281,7.82791595458984,6.6651741027832,6.72848510742188,7.95996246337891,7.69913024902344,,4.67968330383301,5.33545837402344
24,1708,5.7340877532959,1,5.11308822631836,6.79524993896484,,,,,0,7.19989166259766,3.0262845993042,4.68268890380859,4.36894760131836
24,1709,,,,,,,,,,,,10,1.72662467956543
24,1714,,,,,,,,,,,,4.15876083374023,8
24,1716,5.76739082336426,0.5,,,8.79361572265625,6.68111267089844,9.07595825195312,8.51127243041992,6.51989822387695,6.84232711791992,,5.03434906005859,
24,1717,6.61454391479492,0.5,6.85757293701172,,,,,,5.95589752197266,6.9727409362793,7.18105697631836,5.3005241394043,0.231163883209229
24,1718,4.84807014465332,1,4.758447265625,4.75473899841309,,,,,0,5.02733039855957,4.4737476348877,3.43449440002441,4.40896644592285
24,1719,5.60070114135742,1,6.23758201599121,8.46795272827148,,,,,2.65014190673828,8.14095306396484,4.89585876464844,3.2884521484375,5.40167999267578
24,1720,4.2662109375,0.5,3.18238735198975,,,,,,0,3.47966918945313,2.84794540405273,6.57906265258789,4.30365524291992
24,1721,6.42503433227539,1,,,8.2751106262207,6.92035064697266,8.52843322753906,8.02178802490234,7.31205978393555,6.52864074707031,,3.91384925842285,5.93155403137207
24,1722,6.67853164672852,1,,,8.40560150146484,8.32901916503906,8.43325424194336,8.37794799804687,8.21079406738281,8.44724426269531,,4.0718692779541,6.09876670837402
24,1723,,,,,,,,,,,,4.59738349914551,5.94453430175781
24,1724,4.5457088470459,0.5,,,6.69589996337891,5.34421501159668,7.21280288696289,6.17899703979492,5.38191223144531,5.30651779174805,,5.1506519317627,3.95580940246582
24,1726,5.09193153381348,0.5,,,6.92848510742188,6.17705764770508,6.58037567138672,7.27659378051758,6.49841079711914,5.85570411682129,,6.22140693664551,2.58301067352295
24,1727,,,,,,,,,,,,8.17753601074219,
24,1728,5.47259216308594,0.5,,,6.70832595825195,6.88487854003906,6.98973007202148,6.42692184448242,6.47856521606445,7.29119262695312,,8.30370178222656,3.73864326477051
24,1729,6.48749771118164,0.5,,,7.8889289855957,8.18285369873047,7.76047897338867,8.01737899780273,7.59172821044922,8.77397842407226,,6.27011337280273,3.85139312744141
24,1731,,,,,,,,,,,,5.48822250366211,
24,1733,5.91258125305176,1,,,7.94154052734375,7.20712203979492,8.30489120483398,7.57818984985352,7.03910369873047,7.37514038085938,,4.80078086853027,5.30816497802734
24,1734,5.97747688293457,0.5,,,7.83880767822266,7.34952545166016,8.126708984375,7.55090560913086,7.48859100341797,7.2104606628418,,6.02036361694336,2.97333431243896
24,1874,7.00300598144531,0.5,,,8.37441558837891,7.60699462890625,8.83850402832031,7.91032638549805,7.75047836303711,7.46351165771484,,5.54179725646973,3.0744140625
24,1875,5.99836082458496,0.5,,,8.01193389892578,7.32662353515625,7.95436782836914,8.06949996948242,7.38022003173828,7.27302703857422,,6.06847801208496,4.00649147033691
24,1876,6.2274097442627,0.5,,,7.38925323486328,7.91593170166016,7.28371429443359,7.49479293823242,7.88825302124023,7.94361114501953,,5.61625556945801,5.34808807373047
24,1877,6.07673568725586,1,,,7.8574089050293,7.50875625610352,8.35325393676758,7.36156387329102,8.31802520751953,6.6994873046875,,4.1687858581543,4.16034164428711
24,1878,7.01251525878906,1,,,8.97183837890625,8.69691314697266,9.04751892089844,8.89615859985352,9.31874618530273,8.07508087158203,,4.91164093017578,6.80409927368164
24,1879,6.1689136505127,1,,,9.10395050048828,7.24687271118164,8.83107147216797,9.37682952880859,6.92861938476562,7.56512603759766,,3.79835395812988,5.7734546661377
24,1880,5.70506973266602,1,,,6.8610466003418,7.22143402099609,7.02436904907227,6.69772415161133,7.473388671875,6.96948013305664,,4.38982238769531,3.52758445739746
24,1881,7.15266342163086,1,,,8.60857315063476,7.95872802734375,8.75842437744141,8.45872192382813,8.22966384887695,7.68779296875,,3.85929145812988,6.12030639648438
24,1882,,,,,,,,,,,,5.41516456604004,4.47652854919434
24,1883,5.24264335632324,1,,,6.95221557617188,6.42033386230469,6.95170593261719,6.95272598266602,6.55796508789062,6.28270225524902,,3.93309707641602,6.84194488525391
24,1887,4.36122436523438,1,5.16703338623047,6.58347549438477,,,,,4.59952201843262,6.01409645080566,4.00514030456543,4.13410110473633,4.64355049133301
24,1888,6.72762680053711,1,,,8.65399627685547,8.32804565429688,8.77633666992188,8.53165664672852,9.23572769165039,7.42036361694336,,4.97954559326172,6.71966018676758
24,1889,5.96069984436035,1,,,8.38705291748047,7.13881530761719,8.47335662841797,8.30074844360352,6.98434753417969,7.29328384399414,,4.65825538635254,6.10258140563965
24,1890,5.57361755371094,1,3.09719581604004,5.03028717041016,,,,,3.17004337310791,3.80652694702148,2.37473888397217,3.73413314819336,4.24951362609863
24,1891,,,,,,,,,,,,9.38655090332031,
24,1892,6.03039588928223,1,6.79980545043945,8.00037536621094,,,,,7.27119140625,7.43294525146484,6.00058364868164,2.47506141662598,6.92403182983398
24,1893,,,,,,,,,,,,9.16246032714844,
24,1894,,,,,,,,,,,,10,1.26398830413818
24,1896,6.21703147888184,1,6.78043212890625,8.268408203125,,,,,4.64829597473144,7.95405349731445,5.44730491638184,3.18935794830322,3.5665843963623
24,1899,6.522900390625,1,,,8.65186996459961,7.98754348754883,8.69883651733398,8.60490341186523,8.13851623535156,7.83657073974609,,4.36255111694336,5.4400276184082
24,1901,5.99989166259766,1,,,8.2135139465332,7.26198120117188,7.9748161315918,8.45221176147461,7.04090805053711,7.48305511474609,,3.64576148986816,6.46319198608398
24,1902,6.19563255310059,1,,,8.08873138427734,7.62981033325195,8.11316680908203,8.0642951965332,7.43290252685547,7.82671813964844,,5.20728302001953,5.10179862976074
24,1903,7.54942932128906,1,,,9.08016128540039,9.55566177368164,9.06484832763672,9.09547424316406,10,9.11132354736328,,3.58513031005859,6.05142555236816
24,1904,6.48293151855469,1,,,7.52090454101562,7.52607421875,7.8763427734375,7.1654670715332,8.11320877075195,6.9389404296875,,4.29787979125977,5.67848930358887
24,1905,,,,,,,,,,,,5.09059028625488,5.4983097076416
24,1906,6.10926399230957,1,,,8.29193572998047,7.4181282043457,8.66681747436524,7.91215286254883,8.35698547363281,6.4719367980957,,4.19596519470215,5.74193725585937
24,1907,6.1945125579834,1,,,7.67834014892578,7.56133193969727,7.89105224609375,7.46562881469727,7.96402969360352,7.15863418579102,,3.32663421630859,6.23447647094727
24,1908,6.18889770507812,1,,,8.00643920898438,6.35394287109375,8.10129928588867,7.91157913208008,6.07024269104004,6.63764266967773,,5.0409725189209,5.11262664794922
24,1909,6.64816513061523,1,,,7.14711151123047,7.73738555908203,7.20369567871094,7.09052658081055,8.44939193725586,7.02537841796875,,4.11387481689453,6.68003768920898
24,1910,,,,,,,,,,,,5.99859580993652,
24,1911,,,,,,,,,,,,,
24,1912,,,,,,,,,,,,3.6380500793457,3.72907218933105
24,1913,6.7799186706543,1,,,8.69921569824219,7.83069000244141,8.87442398071289,8.52400665283203,7.54462661743164,8.11675338745117,,3.95737762451172,5.72185935974121
24,1914,5.56482696533203,1,,,6.85648574829102,6.98921661376953,7.17879333496094,6.53417816162109,7.93783340454102,6.04059982299805,,4.40155296325684,6.04211730957031
24,1981,6.41685791015625,0.5,,,8.1223991394043,7.98729629516602,8.51924667358398,7.72555160522461,7.62381439208984,8.34145812988281,,7.02707138061523,2.97812252044678
24,1982,,,,,,,,,,,,9.10339813232422,2.58354072570801
24,1983,6.17204666137695,0.5,,,6.822607421875,8.01254196166992,6.68275985717773,6.96245498657227,7.65807037353516,8.36701354980469,,6.37174186706543,3.74478187561035
24,1984,6.16905746459961,1,,,7.53603515625,7.1156623840332,7.52958374023437,7.54248733520508,7.31053848266602,6.92279586791992,,4.71140785217285,5.39632186889648
24,1985,6.78683700561523,1,,,8.26987457275391,8.10705871582031,8.61834335327148,7.91934432983398,8.16698760986328,8.0471305847168,,3.69301528930664,5.93913688659668
24,1986,4.80797233581543,1,4.48482933044434,4.04170951843262,,,,,2.08390502929687,4.99620323181152,4.17182502746582,2.20021896362305,4.11282272338867
24,1987,7.32193908691406,1,,,7.83236083984375,8.93141937255859,7.99974975585937,7.66497116088867,9.62216262817383,8.24067687988281,,3.70624351501465,5.76818962097168
24,1989,,,,,,,,,,,,6.17943801879883,3.4616641998291
24,1990,,,,,,,,,,,,4.5770622253418,
24,1991,6.38710403442383,1,,,8.24646682739258,7.8963508605957,8.10773391723633,8.38519973754883,8.02817535400391,7.7645263671875,,6.75702667236328,5.20748176574707
24,1992,6.92267913818359,1,,,9.06076278686523,8.51754455566406,9.41093368530273,8.71059188842773,8.51083221435547,8.5242561340332,,3.89612045288086,6.25809707641602
24,1995,5.01841125488281,1,5.09466514587402,2.99592418670654,,,,,3.51647415161133,4.99247512817383,6.02386207580566,3.3296199798584,6.5402717590332
24,1996,6.45430755615234,1,5.51887168884277,9.49707336425781,,,,,0,6.39135131835937,4.58255195617676,4.84076461791992,4.55270118713379
24,1999,6.52032089233398,1,,,8.42143325805664,7.32342071533203,8.43955230712891,8.40331420898437,7.40343627929687,7.24340591430664,,4.53035125732422,5.74821701049805
24,2001,5.77810592651367,1,7.1362907409668,7.1734489440918,,,,,6.58608474731445,8.55842056274414,5.79943618774414,2.82186450958252,5.06343994140625
24,2002,6.79365997314453,1,,,8.09457397460938,8.62457580566406,8.69653930664063,7.49260864257812,8.98411178588867,8.26503982543945,,3.39771919250488,5.99766731262207
24,2003,6.05679817199707,1,6.5792106628418,6.23703536987305,,,,,8.17849578857422,5.77369766235352,6.9556266784668,3.88804512023926,6.04501914978027
24,2005,5.6258415222168,0.5,,,8.34013977050781,6.59635620117187,8.38944473266602,8.29083557128906,6.61130981445312,6.58140182495117,,5.58418121337891,2.12114944458008
24,2006,,,,,,,,,,,,5.77361907958984,4.3052619934082
24,2007,6.98834762573242,1,,,8.26497116088867,7.98180999755859,8.20585250854492,8.32408981323242,8.05028076171875,7.91333999633789,,4.50443992614746,5.85915794372559
24,4236,,,,,,,,,,,,8.41883773803711,3.33959541320801
25,1703,7.02368621826172,0.5,,,8.7880485534668,8.77679443359375,9.35088424682617,8.22521286010742,8.88520812988281,8.66838073730469,,5.9770133972168,3.73540649414063
25,1704,5.52535057067871,1,5.61679077148438,4.71823348999023,,,,,4.87048072814941,5.81626510620117,5.76837997436523,3.41467552185059,6.88442764282227
25,1705,5.06403007507324,1,4.7203929901123,8.02301864624024,,,,,0,5.42401924133301,3.96436882019043,4.50952339172363,4.1221134185791
25,1706,7.03060073852539,1,,,9.06695861816406,8.26599044799805,8.94990615844727,9.18401107788086,8.26303558349609,8.2689453125,,3.73110542297363,6.12837028503418
25,1707,6.00358734130859,1,,,6.62048950195313,7.79914932250977,6.44245300292969,6.79852600097656,7.99248504638672,7.60992736816406,,4.54678955078125,5.41095809936523
25,1708,5.17836456298828,1,4.75464096069336,5.87479019165039,,,,,0,6.75914916992187,2.75013294219971,4.77409896850586,4.18210792541504
25,1709,,,,,,,,,,,,,3.8103401184082
25,1714,,,,,,,,,,,,4.77514305114746,8
25,1716,5.86716079711914,0.5,,,8.83586273193359,6.8333137512207,9.19823532104492,8.47349014282227,6.81572113037109,6.85090637207031,,4.12120475769043,
25,1717,6.60149536132812,0.5,6.83582534790039,,,,,,5.77814407348633,7.11141052246094,7.07478790283203,6.06211280822754,0.0463102042675018
25,1718,4.64162330627441,1,4.72260360717773,4.19044456481934,,,,,0,4.86305541992188,4.571875,3.92715301513672,4.04322776794434
25,1719,5.61618728637695,1,6.23296546936035,8.18554306030273,,,,,2.59500637054443,7.88299102783203,5.09702224731445,3.36900749206543,5.30595970153809
25,1720,4.97883529663086,0.5,3.46180801391602,,,,,,0,3.72618522644043,3.16438369750977,7.23248901367188,4.39916229248047
25,1721,6.39691619873047,1,,,8.29848709106445,7.25416564941406,8.5842658996582,8.0127082824707,7.6693473815918,6.83898391723633,,3.9167552947998,5.93869438171387
25,1722,6.88244323730469,1,,,8.56349792480469,8.61623992919922,8.57211837768555,8.55487823486328,8.49543151855469,8.7370491027832,,4.12613563537598,6.27766799926758
25,1723,,,,,,,,,,,,4.10364189147949,6.0049186706543
25,1724,4.49795112609863,0.5,,,6.63732833862305,5.2841423034668,7.26004409790039,6.01461296081543,5.20786819458008,5.36041603088379,,5.18999443054199,4.07228469848633
25,1726,5.94849166870117,0.5,,,6.91047058105469,6.45513076782227,6.48522186279297,7.33572006225586,6.96513824462891,5.94512329101562,,6.49728698730469,2.31698741912842
25,1727,,,,,,,,,,,,8.76914443969727,
25,1728,5.70161743164063,0.5,,,6.68117065429688,7.27563858032227,6.92742767333984,6.43491287231445,6.83506011962891,7.71621704101562,,8.59992904663086,3.73348999023438
25,1729,6.59682388305664,0.5,,,7.95151138305664,8.3442024230957,7.72029037475586,8.18273239135742,7.66233062744141,9.02607421875,,5.89135894775391,3.74727935791016
25,1731,,,,,,,,,,,,6.04139251708984,
25,1733,5.89080696105957,0.5,,,7.92223739624023,7.17726593017578,8.3447509765625,7.49972381591797,6.75645370483398,7.59807891845703,,4.94631690979004,5.86543350219727
25,1734,6.00390625,0.5,,,7.93672027587891,7.36093673706055,8.17591857910156,7.6975212097168,7.58940124511719,7.13247222900391,,5.82717361450195,2.91464595794678
25,1874,6.73606033325195,0.5,,,8.41665191650391,7.42674179077148,8.96781845092773,7.86548461914063,7.5688102722168,7.28467330932617,,5.97604866027832,2.78608798980713
25,1875,6.18516426086426,0.5,,,8.42116546630859,7.50155181884766,8.27817077636719,8.56416091918945,7.5331787109375,7.46992568969727,,6.06217880249023,3.90189437866211
25,1876,6.56935195922852,0.5,,,7.33135528564453,8.50513534545899,7.27662734985352,7.38608245849609,8.54401092529297,8.466259765625,,5.40645980834961,5.36390914916992
25,1877,6.41023635864258,0.5,,,7.90025329589844,8.05030975341797,8.45036010742188,7.350146484375,8.64504928588867,7.45557098388672,,4.79652938842773,4.0354377746582
25,1878,6.98969039916992,1,,,9.078125,8.62344207763672,9.17132186889648,8.98492813110352,9.30116729736328,7.9457160949707,,5.13061714172363,6.37877235412598
25,1879,6.27899856567383,1,,,9.08523559570312,7.43658599853516,8.88761367797852,9.28285675048828,7.08902435302734,7.78414840698242,,3.71417427062988,5.76155052185059
25,1880,6.50343704223633,1,,,6.77901153564453,7.41205902099609,6.94681701660156,6.6112060546875,7.83353271484375,6.99058456420898,,4.56461563110352,3.27594451904297
25,1881,7.08336181640625,1,,,8.56009674072266,8.41247787475586,8.69073181152344,8.42946166992187,8.6997917175293,8.12516403198242,,3.85575675964355,6.24239959716797
25,1882,,,,,,,,,,,,5.38495903015137,4.43373680114746
25,1883,5.85301170349121,1,,,7.13327255249023,6.28953170776367,7.05429077148438,7.21225433349609,6.47903060913086,6.10003280639648,,3.99325981140137,6.68273696899414
25,1887,4.28283920288086,1,5.222314453125,6.87938385009766,,,,,3.13312549591064,6.0811092376709,4.10882759094238,4.39046020507813,4.49918060302734
25,1888,6.76498565673828,1,,,8.59052124023438,8.41146850585938,8.7415771484375,8.4394660949707,9.36834411621094,7.45459365844727,,4.9672794342041,6.5591178894043
25,1889,6.04382629394531,1,,,8.53127288818359,7.22928619384766,8.64912033081055,8.41342468261719,7.25580062866211,7.20277252197266,,4.89680061340332,5.80322685241699
25,1890,5.26690521240234,1,2.9563943862915,4.95315971374512,,,,,3.43663711547852,3.70385971069336,2.10956840515137,4.30495796203613,4.09698638916016
25,1891,,,,,,,,,,,,9.64343872070313,
25,1892,5.91673698425293,1,6.71023941040039,7.98223266601562,,,,,7.2300048828125,7.27396545410156,5.95326194763184,2.57023239135742,7.04601287841797
25,1893,,,,,,,,,,,,9.38746871948242,
25,1894,,,,,,,,,,,,10,2.24648704528809
25,1896,6.07524528503418,1,6.17873992919922,7.57596588134766,,,,,0.634517812728882,7.33111038208008,4.91903457641602,3.58269195556641,3.94980354309082
25,1899,6.59070281982422,1,,,8.74523696899414,8.06942520141602,8.77131958007812,8.71915435791016,8.27921371459961,7.85963668823242,,4.4471378326416,5.61354141235352
25,1901,6.01406707763672,1,,,8.15503540039063,7.30510025024414,7.9005973815918,8.40947265625,7.05914688110352,7.55105361938477,,3.78359375,6.47699737548828
25,1902,6.36704254150391,1,,,8.14130096435547,7.89797058105469,8.16541061401367,8.11719207763672,7.71209030151367,8.0838508605957,,5.52965545654297,5.08922424316406
25,1903,7.59583129882813,1,,,9.01633148193359,9.65427551269531,9.00251007080078,9.03015213012695,10,9.30855026245117,,3.63051109313965,5.96055793762207
25,1904,6.32149925231934,1,,,7.49500198364258,7.50900115966797,7.85788421630859,7.13211975097656,8.07307281494141,6.94492950439453,,4.40053100585938,5.66649131774902
25,1905,,,,,,,,,,,,4.78489189147949,5.48670768737793
25,1906,5.95605201721191,1,,,8.27357559204102,7.16889495849609,8.69533920288086,7.84495391845703,8.15786361694336,6.16786575317383,,4.27796592712402,5.68885269165039
25,1907,6.17362518310547,1,,,7.55932540893555,7.76959991455078,7.78768005371094,7.33097076416016,8.190625,7.34857406616211,,3.50841674804688,6.22887535095215
25,1908,5.90397605895996,1,,,8.02650604248047,6.16150817871094,8.11787414550781,7.93513793945313,5.67264823913574,6.65036849975586,,5.35126762390137,5.01233596801758
25,1909,6.56168441772461,1,,,7.08278350830078,7.93047790527344,7.08065567016602,7.08491134643555,8.70144500732422,7.15951080322266,,4.27440719604492,6.82881469726563
25,1910,,,,,,,,,,,,7.41176605224609,
25,1911,,,,,,,,,,,,,
25,1912,,,,,,,,,,,,3.39642524719238,2.3612756729126
25,1913,7.17500152587891,1,,,8.79654693603516,7.63106994628906,8.99849624633789,8.59459686279297,7.27959823608398,7.98254165649414,,3.95734596252441,5.82615280151367
25,1914,5.48755111694336,1,,,6.88251266479492,6.85174789428711,7.20038909912109,6.56463623046875,7.82714691162109,5.87634925842285,,4.50694580078125,6.17432022094727
25,1981,6.29970436096191,0.5,,,8.15757293701172,7.78031616210937,8.59854507446289,7.71660079956055,7.62812881469727,7.92588729858398,,6.84965744018555,2.78654766082764
25,1982,,,,,,,,,,,,9.66659469604492,2.20290374755859
25,1983,6.13210372924805,0.5,,,6.61238403320313,8.01604461669922,6.3654712677002,6.85929718017578,7.55833129882812,8.47375869750977,,6.55878601074219,3.75586318969727
25,1984,6.07289695739746,1,,,7.49649810791016,7.29847259521484,7.45265350341797,7.54034271240234,7.61206436157227,6.98978118896484,,4.82457122802734,5.49305534362793
25,1985,6.83346939086914,1,,,8.28393478393555,8.40325775146484,8.67438354492188,7.89043579101562,8.41498565673828,8.39152908325195,,3.7739315032959,6.00591011047363
25,1986,3.99538917541504,1,4.47607002258301,3.86545562744141,,,,,2.11952934265137,5.02748069763184,4.19857864379883,2.97199687957764,4.21755104064941
25,1987,7.16521530151367,1,,,7.96502685546875,8.95509948730469,8.10089645385742,7.82915802001953,9.68904418945312,8.2211555480957,,3.72801094055176,5.87937431335449
25,1989,,,,,,,,,,,,6.45647354125977,3.41377792358398
25,1990,,,,,,,,,,,,4.31432685852051,
25,1991,6.23555564880371,1,,,8.10961151123047,7.68938903808594,7.99212875366211,8.22709350585938,7.82325897216797,7.55551834106445,,6.38019943237305,5.3438648223877
25,1992,7.84542694091797,1,,,9.2366325378418,8.68473663330078,9.60524368286133,8.86802139282227,8.64570083618164,8.72377166748047,,4.03057174682617,6.31963348388672
25,1995,4.50803070068359,1,5.05755767822266,3.5632740020752,,,,,3.2385913848877,4.99668731689453,6.08002624511719,3.26210403442383,6.68761291503906
25,1996,5.8761058807373,1,6.2207878112793,9.6136962890625,,,,,0,7.05984878540039,5.29610862731934,5.6356258392334,4.40109786987305
25,1999,6.38738479614258,1,,,8.33190765380859,7.61453247070312,8.32628707885742,8.33752899169922,7.68415069580078,7.54491424560547,,4.65901031494141,5.84433898925781
25,2001,6.25442771911621,1,7.47457504272461,7.26405792236328,,,,,6.82375259399414,8.90354843139648,6.1543872833252,2.60511264801025,4.98993797302246
25,2002,6.84747161865234,1,,,7.98723754882812,8.75004043579102,8.67233810424805,7.30213623046875,9.06564407348633,8.4344367980957,,3.61530494689941,6.14420547485352
25,2003,5.41867752075195,1,6.53024063110352,6.59422988891602,,,,,7.80066604614258,5.72991638183594,6.99221954345703,3.89421577453613,6.23215751647949
25,2005,5.74057350158691,0.5,,,8.37610473632813,6.77558746337891,8.45181655883789,8.30039215087891,6.97689590454102,6.57427978515625,,5.48254776000977,2.22216892242432
25,2006,,,,,,,,,,,,6.17210464477539,4.26972618103027
25,2007,6.57422866821289,1,,,8.24430541992188,7.88704986572266,8.19953765869141,8.2890739440918,8.10860366821289,7.66549682617188,,4.6501781463623,5.80660667419434
25,4236,,,,,,,,,,,,8.05206069946289,3.48919525146484
27,1703,6.16266174316406,0.5,,,8.6751838684082,7.37937469482422,8.72795944213867,8.62240829467773,7.73311996459961,7.02563018798828,,6.09443054199219,4.65234642028809
27,1704,6.9788444519043,1,6.72353668212891,3.20818862915039,,,,,6.3644458770752,6.69978561401367,6.8866943359375,3.85150947570801,7.21124649047852
27,1705,5.01503372192383,1,4.33770637512207,6.02251777648926,,,,,0,4.20044441223145,4.4912769317627,5.04339447021484,3.92620010375977
27,1706,7.12307281494141,1,,,8.92055816650391,7.9158576965332,8.81459121704102,9.0265251159668,7.61110153198242,8.22061386108398,,3.82408027648926,6.51265563964844
27,1707,5.81257400512695,0.5,,,6.99299926757813,7.35662384033203,6.23663558959961,7.74936218261719,7.25020599365234,7.46304244995117,,4.97380676269531,5.72140121459961
27,1708,6.40602340698242,1,5.95682754516602,5.57994956970215,,,,,0,6.43930282592773,5.4743522644043,4.61196174621582,4.16508903503418
27,1709,,,,,,,,,,,,,
27,1714,,,,,,,,,,,,6.57863616943359,8
27,1716,6.19485206604004,1,,,9.68111343383789,7.09771575927734,9.81806640625,9.54416046142578,6.20812225341797,7.98730850219727,,3.42505187988281,
27,1717,6.3820873260498,0.5,6.47014541625977,,,,,,7.44416885375977,6.32657508850098,6.38894157409668,8.70655212402344,0.0242196783423424
27,1718,4.52980499267578,1,4.23572845458984,3.95089302062988,,,,,0,5.24888076782227,3.13743724822998,4.8530387878418,3.06453437805176
27,1719,7.06870727539062,1,7.12271575927734,8.2517578125,,,,,5.75668182373047,9.35309982299805,5.06568832397461,3.42907562255859,5.17245330810547
27,1720,5.13344230651856,0.5,2.65448131561279,,,,,,0,1.91419906616211,3.42323608398438,8.70681686401367,4.40675048828125
27,1721,6.63271179199219,1,,,8.19268341064453,7.42679901123047,8.13978424072266,8.24558258056641,6.94292449951172,7.91067352294922,,3.96731605529785,6.14968185424805
27,1722,6.54152984619141,1,,,9.1508056640625,7.85228118896484,9.16838226318359,9.13322830200195,8.23989486694336,7.46466674804688,,4.15919952392578,6.71252212524414
27,1723,,,,,,,,,,,,5.42182807922363,7.17246017456055
27,1724,5.14389686584473,0.5,,,7.7977294921875,5.97391815185547,7.74057998657227,7.85487823486328,6.01545486450195,5.93238182067871,,5.45293960571289,4.52434768676758
27,1726,4.60814819335937,0.5,,,5.11085357666016,5.37942199707031,4.64325294494629,5.57845420837402,5.00274696350098,5.75609664916992,,7.09798278808594,3.21888809204102
27,1727,,,,,,,,,,,,8.17787857055664,
27,1728,5.43547439575195,0.5,,,8.08066101074219,6.36557006835938,7.47525100708008,8.6860710144043,7.46795196533203,5.26318855285645,,9.01346054077148,3.9620964050293
27,1729,5.5056770324707,0.5,,,7.70614318847656,6.60741424560547,7.51465682983398,7.89762878417969,6.35918884277344,6.85563888549805,,5.14446029663086,4.42311897277832
27,1731,,,,,,,,,,,,7.04084167480469,
27,1733,6.09183044433594,0.5,,,8.80024108886719,7.21963729858398,9.00660400390625,8.59387741088867,7.23150024414062,7.20777435302734,,5.19546241760254,6.22668991088867
27,1734,5.92562866210938,0.5,,,7.8235725402832,7.26819000244141,7.34463653564453,8.30250854492187,7.51673889160156,7.0196403503418,,6.45487594604492,3.39899940490723
27,1874,7.89487762451172,0.5,,,8.63707733154297,8.66087799072266,8.61559524536133,8.65855941772461,8.92762985229492,8.39412536621094,,6.25336151123047,3.29197006225586
27,1875,6.28029937744141,0.5,,,9.50032043457031,7.30039215087891,9.53151168823242,9.46912841796875,7.47675476074219,7.12402877807617,,5.86192092895508,4.49031295776367
27,1876,6.25465202331543,1,,,7.53246459960937,7.9135986328125,7.13761215209961,7.92731704711914,7.73813323974609,8.08906478881836,,5.00703163146973,5.64155769348145
27,1877,6.69451599121094,0.5,,,7.87586517333984,8.5322380065918,8.23750915527344,7.51422119140625,8.77887191772461,8.28560409545898,,4.76365280151367,4.2428638458252
27,1878,7.25777435302734,1,,,9.33124389648438,8.98587646484375,9.17734756469727,9.48514022827148,9.08572082519531,8.88603210449219,,5.06906623840332,6.4097282409668
27,1879,6.82473907470703,1,,,9.40012969970703,8.24118804931641,9.43456039428711,9.36569976806641,7.92267913818359,8.55969696044922,,3.41306228637695,5.94978637695313
27,1880,5.38031578063965,1,,,6.41054000854492,6.24797058105469,5.87217254638672,6.94890747070312,5.96781730651855,6.52812423706055,,5.17494812011719,3.67935981750488
27,1881,6.40204925537109,1,,,8.88956298828125,7.70689392089844,9.02236022949219,8.75676498413086,7.31204071044922,8.1017463684082,,4.52772941589356,6.38804550170898
27,1882,,,,,,,,,,,,8.03601455688477,4.29014511108398
27,1883,5.79370002746582,1,,,7.10419921875,6.77513961791992,6.90942459106445,7.29897308349609,7.00384902954102,6.54643020629883,,4.01460800170898,6.81039581298828
27,1887,3.78522491455078,1,4.5581974029541,5.6708324432373,,,,,6.65017166137695,6.1766731262207,2.7650671005249,4.56760444641113,4.4324577331543
27,1888,8.05235214233398,1,,,9.56139373779297,8.87668380737305,9.58237075805664,9.54041748046875,9.27343902587891,8.47992858886719,,4.69502182006836,6.63347702026367
27,1889,5.70696640014648,1,,,7.71674346923828,6.93936309814453,7.95583801269531,7.4776481628418,7.04937210083008,6.82935409545898,,4.7390266418457,6.03612022399902
27,1890,5.31549758911133,1,3.93003082275391,5.30063705444336,,,,,3.27255630493164,4.24735145568848,3.70793037414551,4.81375427246094,3.98667945861816
27,1891,,,,,,,,,,,,9.20676803588867,
27,1892,6.08586959838867,1,7.21595611572266,7.25003967285156,,,,,6.91061477661133,7.980224609375,6.49709320068359,3.23338584899902,7.26457214355469
27,1893,,,,,,,,,,,,,
27,1894,,,,,,,,,,,,,
27,1896,6.3498966217041,1,5.00022926330566,4.11079444885254,,,,,0.90930347442627,6.18369102478027,4.16131858825684,3.86119918823242,3.71382293701172
27,1899,6.47905731201172,1,,,9.07877426147461,7.77217102050781,9.00021896362305,9.15732955932617,7.49819183349609,8.04615020751953,,4.41672973632812,5.91872596740723
27,1901,6.87649459838867,1,,,8.60963592529297,8.59094543457031,8.89447784423828,8.32479400634766,8.13108749389648,9.05080337524414,,4.38965606689453,6.58730010986328
27,1902,7.07347412109375,0.5,,,9.03915863037109,8.77607116699219,8.5666748046875,9.51164321899414,8.37934494018555,9.17279739379883,,5.94167366027832,5.18683700561523
27,1903,7.52929763793945,1,,,9.15377502441406,9.49757080078125,9.08849182128906,9.21905822753906,9.84999465942383,9.14514617919922,,4.09961090087891,6.21771278381348
27,1904,6.07908897399902,1,,,7.87002105712891,7.50847473144531,7.88186264038086,7.8581787109375,7.90710678100586,7.11417541503906,,4.91243629455566,6.04247932434082
27,1905,,,,,,,,,,,,5.19465103149414,5.32885246276855
27,1906,6.72956008911133,1,,,8.65241088867188,8.33179626464844,8.72635116577148,8.57846984863281,8.39792175292969,8.26567153930664,,4.33868980407715,5.78925857543945
27,1907,5.65166778564453,1,,,7.535546875,6.90759735107422,7.59572143554688,7.47537307739258,6.91598434448242,6.89921035766602,,3.43711433410645,6.48329391479492
27,1908,6.36137237548828,1,,,7.36964263916016,6.4776123046875,7.07640991210937,7.66287460327148,6.55814743041992,6.3970775604248,,5.9593318939209,5.01597518920898
27,1909,6.08832168579102,1,,,6.85583572387695,6.93868942260742,6.45918807983398,7.25248336791992,6.82773895263672,7.04963989257813,,4.45084609985352,7.13540344238281
27,1910,,,,,,,,,,,,7.92426300048828,
27,1911,,,,,,,,,,,,,
27,1912,,,,,,,,,,,,4.87856788635254,2.98198928833008
27,1913,7.70761642456055,1,,,9.27566833496094,8.47768630981445,9.26908340454102,9.28225326538086,8.62257537841797,8.33279724121094,,3.76709022521973,6.17392845153809
27,1914,7.45422210693359,1,,,7.87249755859375,8.46846008300781,8.12407150268555,7.62092437744141,8.51243515014648,8.42448577880859,,4.14782447814941,6.45907821655273
27,1981,6.20016403198242,0.5,,,8.45349807739258,7.51577377319336,8.543359375,8.36363677978516,7.71660766601562,7.31493988037109,,6.5033561706543,3.39245147705078
27,1982,,,,,,,,,,,,7.73252334594727,2.16997966766357
27,1983,6.78758087158203,0.5,,,7.71580200195312,8.74070129394531,7.32922515869141,8.10237808227539,8.3617431640625,9.11966018676758,,7.58274002075195,4.37393379211426
27,1984,6.51804428100586,1,,,7.95869445800781,8.2105094909668,7.766650390625,8.15073852539063,8.98961410522461,7.43140487670898,,5.15996704101562,5.7092887878418
27,1985,6.99518814086914,1,,,9.25011444091797,7.75580749511719,9.25209426879883,9.24813461303711,8.33134231567383,7.18027191162109,,4.26110610961914,6.24365692138672
27,1986,4.79085807800293,1,5.07575340270996,5.89490585327148,,,,,4.72950248718262,5.61047897338867,4.53817863464355,3.83982315063477,4.1840934753418
27,1987,6.55545883178711,1,,,8.06413192749023,8.23772125244141,8.0813606262207,8.04690322875977,9.07678298950195,7.39866027832031,,3.55929794311523,6.31509590148926
27,1989,,,,,,,,,,,,6.26987800598144,3.82990036010742
27,1990,,,,,,,,,,,,4.73950958251953,
27,1991,6.6816650390625,1,,,8.87685928344727,8.17715530395508,8.3272575378418,9.42646102905274,7.79388046264648,8.56043014526367,,4.96042938232422,5.6122184753418
27,1992,7.58916015625,1,,,8.60630111694336,7.91347732543945,8.64498138427734,8.56762084960937,7.88399124145508,7.94296340942383,,4.07879219055176,6.52296752929688
27,1995,4.09806251525879,1,5.25582427978516,1.8405424118042,,,,,2.45640754699707,5.70843811035156,5.89940490722656,3.77466812133789,6.51670379638672
27,1996,3.75231285095215,1,2.89759654998779,5.39191665649414,,,,,0,2.42769050598145,3.39936065673828,6.22491645812988,4.30377197265625
27,1999,6.94939727783203,1,,,7.97937469482422,7.72776031494141,7.76207809448242,8.19667205810547,7.2384765625,8.21704330444336,,4.54154319763184,6.04777374267578
27,2001,6.3331413269043,1,6.33060722351074,4.7257984161377,,,,,4.89564056396484,7.74461669921875,5.32198486328125,3.93600921630859,4.75099906921387
27,2002,7.79261932373047,1,,,8.76131973266602,8.00565032958984,9.17973556518555,8.34290390014649,8.43925476074219,7.5720458984375,,3.26514205932617,6.38979225158691
27,2003,5.09345893859863,1,5.93785591125488,8.03924942016602,,,,,7.24192810058594,5.68597221374512,5.97239456176758,4.97031669616699,6.51759185791016
27,2005,6.46280822753906,0.5,,,8.75956878662109,6.85051879882812,8.89013671875,8.62900009155273,7.24621276855469,6.45482406616211,,6.38111801147461,3.23183822631836
27,2006,,,,,,,,,,,,8.30509948730469,4.70140495300293
27,2007,6.66887130737305,1,,,8.27698516845703,8.35578994750977,8.41269760131836,8.14127349853516,8.58354644775391,8.12803344726563,,4.70591812133789,5.84844703674316
27,4236,,,,,,,,,,,,7.3639518737793,3.83159332275391
28,1703,6.62863311767578,0.5,,,8.566650390625,8.19217224121094,8.57142791748047,8.56187210083008,8.43037567138672,7.95396957397461,,6.13622970581055,4.57898902893066
28,1704,7.16436767578125,1,6.70137710571289,3.13419570922852,,,,,7.12315979003906,6.32436599731445,6.90456237792969,4.00394096374512,7.36601333618164
28,1705,4.9764835357666,1,4.72059669494629,6.08964042663574,,,,,0,4.51483879089355,4.94906845092773,5.08128242492676,4.24899101257324
28,1706,7.31900939941406,1,,,8.8693603515625,7.90421371459961,8.77551040649414,8.96321029663086,7.865673828125,7.94275360107422,,3.72712173461914,6.0143196105957
28,1707,5.62071075439453,1,,,7.0464469909668,7.01903533935547,6.21664047241211,7.87625350952148,7.19900131225586,6.83907012939453,,4.71188316345215,4.93251647949219
28,1708,7.05673599243164,1,6.37649917602539,5.58216133117676,,,,,0,7.76505432128906,4.98794364929199,4.24894371032715,4.64517021179199
28,1709,,,,,,,,,,,,,
28,1714,,,,,,,,,,,,7.19886779785156,8
28,1716,6.63871765136719,1,,,10,7.73119659423828,10,10,7.17750701904297,8.28488616943359,,3.38601455688477,
28,1717,6.03613357543945,0.5,5.89355583190918,,,,,,4.9649169921875,6.61772079467773,5.43302612304687,9.1864631652832,0.0288092881441116
28,1718,4.20209197998047,1,4.39366607666016,3.95089302062988,,,,,0,5.03818206787109,3.69897804260254,4.43236541748047,3.51839942932129
28,1719,7.03351211547852,1,7.05419006347656,8.19559555053711,,,,,3.53518486022949,9.14093933105469,5.59596176147461,3.40989875793457,5.46011199951172
28,1720,4.92875900268555,0.5,2.50673809051514,,,,,,0,2.85016860961914,2.14041233062744,8.29910125732422,4.52240715026855
28,1721,6.33744049072266,1,,,8.08750228881836,7.1893310546875,7.88069076538086,8.29431381225586,6.99537811279297,7.38328323364258,,3.94129791259766,5.75352058410644
28,1722,6.68006134033203,1,,,9.171728515625,8.07619323730469,9.24646759033203,9.09699020385742,8.43073501586914,7.72165145874023,,4.0846549987793,6.33625831604004
28,1723,,,,,,,,,,,,5.58981170654297,7.1091178894043
28,1724,5.77798652648926,0.5,,,8.01429901123047,5.84942779541016,7.81789627075195,8.21070175170899,6.10374298095703,5.59511260986328,,5.26249351501465,4.05936431884766
28,1726,4.17560539245605,0.5,,,3.76800231933594,5.40135040283203,3.42229232788086,4.11371192932129,5.12367935180664,5.67902183532715,,7.54145355224609,2.87995185852051
28,1727,,,,,,,,,,,,7.85371246337891,
28,1728,5.72125816345215,0.5,,,8.63422241210938,6.65735626220703,8.03767623901367,9.23076858520508,7.32944488525391,5.98526802062988,,9.48965301513672,3.69992599487305
28,1729,5.71678237915039,0.5,,,7.53327407836914,7.01687927246094,7.44113006591797,7.62541809082031,7.25760955810547,6.77614974975586,,4.9070915222168,4.20175666809082
28,1731,,,,,,,,,,,,7.18819274902344,
28,1733,6.34158897399902,1,,,8.77226867675781,7.64522552490234,8.93249664306641,8.61203994750977,7.53367462158203,7.75677719116211,,4.96224174499512,5.85024147033691
28,1734,5.88174514770508,0.5,,,7.77131195068359,7.21247100830078,7.06436386108398,8.47826080322266,7.32269897460938,7.10224227905273,,6.38345832824707,3.42654228210449
28,1874,8.07919464111328,0.5,,,8.60265502929687,8.33378524780273,8.49293518066406,8.71237487792969,8.68207244873047,7.985498046875,,6.2296257019043,3.18174076080322
28,1875,6.21206817626953,0.5,,,9.91638793945313,7.04798431396484,10,9.83277587890625,6.98241119384766,7.11355743408203,,5.50936508178711,4.39327049255371
28,1876,6.08806686401367,1,,,7.61825103759766,7.60736083984375,7.14285659790039,8.09364547729492,7.55177154541016,7.66294937133789,,5.06276817321777,5.46326217651367
28,1877,6.94519195556641,0.5,,,7.90116729736328,8.94159698486328,8.21036148071289,7.59197387695312,8.7365348815918,9.14665832519531,,4.63605461120605,3.86953353881836
28,1878,7.2398063659668,1,,,9.43092651367187,8.92270126342773,9.24646759033203,9.61538467407227,9.01234741210937,8.83397903442383,,5.03911895751953,5.84904518127441
28,1879,6.91837615966797,1,,,9.44048233032226,8.38379974365234,9.4662483215332,9.41471633911133,8.06786041259766,8.69973831176758,,3.80111236572266,5.59901885986328
28,1880,4.84613838195801,1,,,6.12040176391602,5.74875984191894,5.38461570739746,6.85618743896484,5.64449195861816,5.85302772521973,,5.27008361816406,3.30571594238281
28,1881,7.18122940063477,1,,,8.96679382324219,7.63363037109375,9.12087860107422,8.8127082824707,7.49733200073242,7.76992797851562,,4.42494087219238,6.53369293212891
28,1882,,,,,,,,,,,,8.84416732788086,3.81190719604492
28,1883,5.63453140258789,1,,,6.99355010986328,6.80767059326172,6.81318664550781,7.1739128112793,6.73615188598633,6.87918930053711,,4.02740631103516,6.47363357543945
28,1887,4.01783256530762,1,5.04917259216309,5.55184440612793,,,,,7.23267364501953,6.25078430175781,3.6472412109375,4.34170150756836,4.76718330383301
28,1888,8.79239349365234,1,,,9.92048263549805,9.01268463134766,9.87441101074219,9.96655426025391,9.55951309204102,8.46585693359375,,4.6339168548584,6.20146293640137
28,1889,5.5048168182373,1,,,7.29608917236328,6.74266510009766,7.53532180786133,7.05685577392578,6.97656097412109,6.50876998901367,,4.6197883605957,5.47504615783691
28,1890,4.74373016357422,1,3.60628509521484,5.30822868347168,,,,,3.21675910949707,3.83478851318359,3.42908477783203,4.62521171569824,4.50017280578613
28,1891,,,,,,,,,,,,8.06142196655273,0.13734188079834
28,1892,6.08532028198242,1,7.19568176269531,7.23299255371094,,,,,6.93020477294922,8.19215087890625,6.24311599731445,3.4354621887207,7.48011474609375
28,1893,,,,,,,,,,,,,
28,1894,,,,,,,,,,,,,
28,1896,6.40571441650391,1,5.58211669921875,4.15971183776855,,,,,4.28464775085449,6.09502754211426,5.13780364990234,5.05063781738281,4.09120826721191
28,1899,6.72469863891602,1,,,8.91748046875,8.23533782958984,8.83830490112305,8.99665603637695,7.65870132446289,8.81197357177734,,4.42031555175781,5.64296226501465
28,1901,6.79306182861328,1,,,8.71544647216797,8.41662063598633,9.13657836914063,8.29431381225586,7.91209564208984,8.92114562988281,,4.59800415039062,6.10830993652344
28,1902,7.78242263793945,0.5,,,9.27001571655273,8.51317749023437,8.54003143310547,10,8.07321853637695,8.95313568115234,,6.10847702026367,4.90064888000488
28,1903,7.44750137329102,1,,,9.24271392822266,9.33159790039062,9.12087860107422,9.36454849243164,9.56089553833008,9.10229949951172,,4.19762763977051,5.85162086486816
28,1904,6.45263366699219,1,,,7.97044525146484,6.73274459838867,7.88069076538086,8.06020050048828,7.23095321655273,6.23788032531738,,4.74826126098633,5.7434383392334
28,1905,,,,,,,,,,,,5.18796539306641,5.13247299194336
28,1906,6.66913070678711,1,,,8.98232269287109,8.12111053466797,8.90109939575195,9.06354522705078,8.48115768432617,7.76106414794922,,4.56672668457031,5.33105697631836
28,1907,6.53052597045898,1,,,7.47952346801758,7.11728897094727,7.55102005004883,7.40802688598633,7.31754608154297,6.91703186035156,,3.82247734069824,6.13745765686035
28,1908,6.78751678466797,0.5,,,7.06555862426758,6.62313232421875,6.656201171875,7.47491607666016,6.23088989257812,7.01537399291992,,5.93155975341797,4.54574241638184
28,1909,5.65691299438477,1,,,6.84065933227539,6.44712982177734,6.37362670898438,7.30769195556641,6.38532295227051,6.50893630981445,,4.65736961364746,6.670166015625
28,1910,,,,,,,,,,,,7.13807525634766,
28,1911,,,,,,,,,,,,,
28,1912,,,,,,,,,,,,5.25050506591797,2.87856845855713
28,1913,8.10878601074219,1,,,9.40277099609375,8.40531311035156,9.34065933227539,9.46488265991211,8.81999359130859,7.99063186645508,,3.71632080078125,5.64778251647949
28,1914,8.39787902832031,1,,,7.84519805908203,9.05109481811524,8.13186798095703,7.55852813720703,9.12695846557617,8.9752311706543,,4.16361389160156,5.94628105163574
28,1981,6.25287322998047,0.5,,,8.11804656982422,7.71543960571289,8.22605972290039,8.0100341796875,7.90258483886719,7.52829437255859,,6.51760559082031,3.1336238861084
28,1982,,,,,,,,,,,,7.19596710205078,1.60195236206055
28,1983,6.65784225463867,0.5,,,8.17111434936523,7.06894683837891,7.88069076538086,8.46153793334961,6.55839920043945,7.57949523925781,,7.93801803588867,4.16084022521973
28,1984,6.2688720703125,1,,,8.25694427490234,7.69580535888672,8.06907348632813,8.44481582641601,8.18553237915039,7.20607757568359,,5.29079055786133,5.26125679016113
28,1985,6.71974411010742,1,,,9.52716522216797,7.46996765136719,9.37205657958984,9.68227462768555,8.01426544189453,6.92566909790039,,4.37764511108398,5.78634796142578
28,1986,5.48601760864258,1,5.38346290588379,5.83697242736816,,,,,3.49033966064453,5.97803649902344,4.84885444641113,3.59167137145996,4.63236923217773
28,1987,6.52791137695313,1,,,7.69333190917969,8.31540832519531,7.66091079711914,7.72575225830078,9.28490447998047,7.34591217041016,,3.60603294372559,5.93028373718262
28,1989,,,,,,,,,,,,6.99602203369141,3.54916687011719
28,1990,,,,,,,,,,,,4.44904365539551,
28,1991,6.18923492431641,1,,,9.31711120605469,7.20968780517578,8.63422241210938,10,6.98305740356445,7.43631820678711,,5.0016040802002,4.58152198791504
28,1992,7.07517776489258,1,,,8.31615600585937,7.79154357910156,8.3045524597168,8.32775955200195,7.76796569824219,7.81512145996094,,3.99897003173828,6.13046112060547
28,1995,4.47971038818359,1,5.51086502075195,1.82685031890869,,,,,4.29842071533203,5.56103248596191,5.91681632995605,4.06885261535645,6.77253646850586
28,1996,3.9150390625,1,3.07611618041992,5.36463737487793,,,,,0,2.81142272949219,3.37232093811035,5.44294281005859,4.71125450134277
28,1999,7.36283874511719,1,,,7.94996948242188,7.39695053100586,7.73940353393555,8.1605354309082,7.03096618652344,7.76293487548828,,4.54643249511719,5.56203079223633
28,2001,6.68916015625,1,6.58754425048828,4.69571914672852,,,,,6.30760116577148,7.78469390869141,5.44224624633789,4.08067626953125,5.07233772277832
28,2002,7.97340621948242,1,,,8.87277221679688,7.51171875,9.18367309570312,8.56187210083008,8.12480697631836,6.89862976074219,,3.01500835418701,5.77518882751465
28,2003,6.04570503234863,1,6.97481536865234,8.07292785644531,,,,,6.40134353637695,7.40988845825195,6.64928207397461,5.85223808288574,6.86784286499023
28,2005,6.40257949829102,0.5,,,8.65145721435547,7.11012573242188,8.79120788574219,8.5117057800293,7.33073043823242,6.88952178955078,,6.77612609863281,2.93977947235107
28,2006,,,,,,,,,,,,8.75034332275391,4.40449981689453
28,2007,6.43406066894531,1,,,8.38424072265625,7.92868804931641,8.52433319091797,8.24414825439453,8.00025787353516,7.85711898803711,,4.53772430419922,5.43237190246582
28,4236,,,,,,,,,,,,8.41326751708984,3.5392692565918
16,1703,2.74604911804199,1,,,,3.43256149291992,0.0,,3.5939022064209,3.27122039794922,,1.45211601257324,7.24495391845703
16,1704,5.95774383544922,1,6.11731071472168,,,,,,5.65638847351074,6.56353759765625,5.8787670135498,2.04748344421387,6.8595573425293
16,1705,4.67062149047852,1,2.46542835235596,,,,,,3.0090913772583,2.9029598236084,2.01691932678223,2.53073768615723,6.32245674133301
16,1706,4.20103797912598,1,,,,5.20035400390625,0.0,,5.02345352172852,5.37725486755371,,1.57041788101196,7.51828155517578
16,1707,5.32545547485352,1,,,,5.91500778198242,0.0,,5.58787002563477,6.24214515686035,,1.85043201446533,7.36689224243164
16,1708,6.09685935974121,1,3.77535972595215,,,,,,0,4.99013595581055,2.56058330535889,2.26506881713867,6.36453666687012
16,1709,,,,,,,,,,,,,
16,1714,5.82409515380859,0.5,4.71374168395996,,,,,,3.153151512146,5.54126510620117,3.91743011474609,3.29226150512695,6.61790771484375
16,1716,3.084130859375,1,,,,3.85516357421875,0.0,,3.4390754699707,4.27125205993652,,2.06746482849121,
16,1717,,,,,,,,,,,,4.06259422302246,0.843689250946045
16,1718,4.8172966003418,1,4.18714370727539,,,,,,3.39284591674805,4.72235107421875,3.64611015319824,1.38519115447998,6.89468841552734
16,1719,6.0779655456543,1,5.69107208251953,,,,,,3.31150856018066,6.88066711425781,5.66358985900879,1.59147777557373,7.18686981201172
16,1720,5.02981758117676,1,3.70358352661133,,,,,,0,3.1735912322998,4.23357582092285,1.49519691467285,6.39179573059082
16,1721,4.40870399475098,1,,,,5.49016952514648,0.0,,5.56878547668457,5.41155319213867,,1.79670181274414,7.53636093139648
16,1722,4.8533618927002,1,,,,5.73042297363281,0.0,,5.36517295837402,6.0956729888916,,1.6395133972168,7.55734176635742
16,1723,,,,,,,,,,,,3.70011405944824,6.62599334716797
16,1724,,,,,,,,,,,,1.81955471038818,7.46235733032227
16,1726,3.10658874511719,0.5,,,,3.33519401550293,0.0,,3.3768871307373,3.29350090026855,,1.83924617767334,6.9206413269043
16,1727,,,,,,,,,,,,1.67287330627441,
16,1728,,,,,,,,,,,,2.67782192230225,6.86181869506836
16,1729,4.61053619384766,1,,,,5.76317024230957,0.0,,5.78320426940918,5.74313621520996,,1.78111133575439,7.30151062011719
16,1731,,,,,,,,,,,,2.60850410461426,
16,1733,3.5879508972168,1,,,,4.48493881225586,0.0,,4.19867897033691,4.77119865417481,,1.91155776977539,7.48274307250977
16,1734,2.87286128997803,1,,,,3.59107666015625,0.0,,3.84034805297852,3.34180564880371,,2.05633697509766,6.92313461303711
16,1874,4.45347709655762,1,,,,4.78183517456055,0.0,,5.2420166015625,4.32165412902832,,1.94326019287109,7.19376831054687
16,1875,,,,,,,,,,,,2.43895435333252,6.904736328125
16,1876,4.03994369506836,0.5,,,,5.04992942810059,0.0,,4.91657333374023,5.18328552246094,,2.35308036804199,7.11476745605469
16,1877,2.83952941894531,1,,,,3.54941177368164,0.0,,3.84450187683105,3.2543212890625,,1.32237462997437,7.43924560546875
16,1878,4.01059646606445,1,,,,5.01324577331543,0.0,,5.05990371704102,4.96658782958984,,2.09184722900391,7.54523086547852
16,1879,3.83023452758789,1,,,,4.78779296875,0.0,,5.09072799682617,4.48485794067383,,2.14612236022949,7.51675872802734
16,1880,5.54569091796875,1,,,,6.93211364746094,0.0,,7.26641845703125,6.59780883789062,,1.44063453674316,7.17568359375
16,1881,3.40344886779785,1,,,,4.21266555786133,0.0,,3.78927459716797,4.63605613708496,,1.94522743225098,7.51012802124023
16,1882,,,,,,,,,,,,1.88663444519043,6.99306869506836
16,1883,4.65079002380371,1,,,,5.70917587280273,0.0,,6.24230613708496,5.17604560852051,,1.78929462432861,7.49669342041016
16,1887,5.33291282653809,1,4.5350528717041,,,,,,6.08564834594727,4.35842781066895,4.18980712890625,1.21826648712158,6.79611587524414
16,1888,4.36158676147461,1,,,,5.4519832611084,0.0,,5.88371391296387,5.02025260925293,,2.15308132171631,7.45847320556641
16,1889,3.19588012695313,1,,,,3.99485015869141,0.0,,4.19201431274414,3.79768562316895,,1.46101198196411,7.55327301025391
16,1890,6.06229553222656,1,5.95465240478516,,,,,,5.28694496154785,5.89773712158203,6.25899238586426,1.56568422317505,6.64154052734375
16,1891,,,,,,,,,,,,,
16,1892,5.34907073974609,1,5.12380790710449,,,,,,4.99389305114746,5.51594505310059,4.76202125549316,1.34161996841431,6.96906433105469
16,1893,,,,,,,,,,,,2.19107646942139,
16,1894,,,,,,,,,,,,,
16,1896,6.99841918945313,1,7.99370651245117,,,,,,3.95714302062988,8.69899444580078,7.38229141235352,1.6074146270752,7.13458251953125
16,1899,3.90868606567383,1,,,,4.88585777282715,0.0,,4.90517272949219,4.86654281616211,,1.61734848022461,7.51746215820313
16,1901,4.20582084655762,1,,,,5.24373474121094,0.0,,5.05567741394043,5.43179168701172,,0.896852111816406,7.49056015014648
16,1902,3.53738784790039,1,,,,4.42173461914062,0.0,,4.33300743103027,4.51046142578125,,1.50671291351318,7.35100250244141
16,1903,4.42554512023926,1,,,,5.53193130493164,0.0,,5.81781768798828,5.24604454040527,,1.15505704879761,7.45091094970703
16,1904,3.09875183105469,1,,,,3.87343978881836,0.0,,4.21575546264648,3.53112449645996,,1.06128082275391,7.49803009033203
16,1905,,,,,,,,,,,,1.95609722137451,7.51082458496094
16,1906,4.31756553649902,1,,,,5.23388633728027,0.0,,5.34376640319824,5.1240062713623,,1.78936157226563,7.51213684082031
16,1907,2.68372001647949,1,,,,3.3546501159668,0.0,,3.37920150756836,3.33009872436523,,1.55778112411499,7.46982955932617
16,1908,3.22880477905273,1,,,,4.03600616455078,0.0,,4.3212345123291,3.75077819824219,,1.61270637512207,7.45958557128906
16,1909,3.60773544311523,1,,,,4.50966911315918,0.0,,4.78934364318848,4.22999458312988,,1.77235088348389,7.61048736572266
16,1910,,,,,,,,,,,,2.28981513977051,
16,1911,,,,,,,,,,,,,
16,1912,,,,,,,,,,,,1.6028657913208,7.01519622802734
16,1913,4.77688827514648,1,,,,5.75784378051758,0.0,,6.02317199707031,5.49251594543457,,1.44063768386841,7.4825080871582
16,1914,3.88583602905273,1,,,,4.85729522705078,0.0,,5.85080184936523,3.86378860473633,,1.59868650436401,7.40716781616211
16,1981,3.30616874694824,0.5,,,,4.13271102905273,0.0,,3.91352272033691,4.35189933776855,,1.72783908843994,7.09261093139648
16,1982,,,,,,,,,,,,1.20644836425781,6.89852294921875
16,1983,4.29307060241699,1,,,,5.36633834838867,0.0,,5.14928207397461,5.58339500427246,,2.2138650894165,7.20303344726562
16,1984,,,,,,,,,,,,1.78094921112061,7.4241569519043
16,1985,4.15303497314453,1,,,,5.19129371643066,0.0,,5.73915557861328,4.64343185424805,,1.27469434738159,7.51157608032227
16,1986,4.6266040802002,1,3.82726898193359,,,,,,5.24966239929199,4.0539421081543,3.47746696472168,1.3613392829895,6.61745529174805
16,1987,4.8089225769043,1,,,,5.51005249023437,0.0,,5.8415901184082,5.17851524353027,,1.80293445587158,7.49705963134766
16,1989,,,,,,,,,,,,2.43981914520264,
16,1990,4.15609970092773,1,,,,5.19512481689453,0.0,,5.08336791992187,5.30688209533691,,1.61134567260742,
16,1991,4.78140563964844,1,,,,5.49894104003906,0.0,,5.13524436950684,5.86263771057129,,2.42880592346191,7.50275268554688
16,1992,5.29692802429199,1,,,,6.48383865356445,0.0,,6.58408889770508,6.38358879089355,,1.52954626083374,7.53664321899414
16,1995,5.39768600463867,1,5.3554500579834,,,,,,4.88122444152832,6.09249610900879,4.82964553833008,1.96996383666992,6.67670440673828
16,1996,4.5887393951416,1,3.98022918701172,,,,,,5.4054069519043,4.51421737670898,3.41591796875,1.20610847473145,6.65423355102539
16,1999,4.49898719787598,1,,,,5.57285041809082,0.0,,6.35108795166016,4.79461288452148,,1.78886241912842,7.51106262207031
16,2001,6.1209716796875,1,6.60048751831055,,,,,,6.26072425842285,6.97688064575195,6.32158279418945,1.94208354949951,6.99738159179688
16,2002,4.70084457397461,1,,,,5.50574607849121,0.0,,5.77993545532227,5.23155670166016,,1.41225023269653,7.54443969726563
16,2003,4.55590438842773,1,4.64833221435547,,,,,,5.90691108703613,4.98287734985352,3.92933387756348,1.21087760925293,6.78167190551758
16,2005,,,,,,,,,,,,2.19361457824707,7.02840423583984
16,2006,,,,,,,,,,,,1.95704593658447,7.06345138549805
16,2007,4.02670783996582,1,,,,4.74300231933594,0.0,,4.93723678588867,4.54876747131348,,2.08709602355957,7.44703903198242
16,4236,,,,,,,,,,,,,
17,1703,3.58385467529297,1,,,,4.47981834411621,0.0,,4.56336212158203,4.39627456665039,,2.15188426971436,7.14590682983398
17,1704,6.2426929473877,1,6.31792297363281,6.50850982666016,,,,,6.16963844299316,7.222216796875,5.41899185180664,2.67404155731201,7.0866584777832
17,1705,4.75256538391113,1,2.72027626037598,3.64047698974609,,,,,4.16666488647461,3.29687042236328,2.12902278900147,2.71887054443359,6.13152656555176
17,1706,5.07421264648437,1,,,,6.34276580810547,0.0,,6.21317138671875,6.47236022949219,,2.0859224319458,7.50697631835938
17,1707,4.87581291198731,1,,,,5.52608070373535,0.0,,5.03973693847656,6.01242446899414,,2.24719734191895,7.35387191772461
17,1708,6.19607009887695,1,4.13134803771973,3.55409278869629,,,,,0,5.12776679992676,3.13492908477783,2.63956489562988,6.45643692016602
17,1709,,,,,,,,,,,,,
17,1714,5.35914306640625,1,4.72568893432617,,,,,,3.153151512146,5.33920364379883,4.14050827026367,3.19010391235352,7.15577545166016
17,1716,3.33110542297363,1,,,,4.16388168334961,0.0,,3.85542831420898,4.47233505249023,,2.36432971954346,
17,1717,,,,,,,,,,,,3.71616363525391,2.21426448822021
17,1718,4.75792083740234,1,4.30305671691895,4.05183029174805,,,,,4.64483489990234,4.86798324584961,3.69107551574707,1.48801870346069,6.89343872070313
17,1719,6.16376762390137,1,5.77978935241699,5.00617027282715,,,,,2.74536991119385,6.81203155517578,6.06520690917969,1.99588947296143,7.26667327880859
17,1720,5.52474327087402,1,3.73218841552734,,,,,,0,3.3561882019043,4.11277389526367,1.65015525817871,6.76889114379883
17,1721,4.86933517456055,1,,,,6.08666915893555,0.0,,6.11141815185547,6.0619197845459,,2.16073417663574,7.52147827148437
17,1722,5.19122085571289,1,,,,6.3095573425293,0.0,,5.87113800048828,6.74797668457031,,1.96291065216064,7.51664505004883
17,1723,,,,,,,,,,,,4.54154472351074,6.70671005249023
17,1724,4.67477226257324,0.5,,,,5.56026153564453,0.0,,5.16038970947266,5.96013298034668,,2.26642074584961,7.38150939941406
17,1726,3.53246574401855,0.5,,,,4.00455093383789,0.0,,4.17951202392578,3.82958984375,,1.96844463348389,6.88259963989258
17,1727,,,,,,,,,,,,1.9707368850708,
17,1728,4.12353172302246,0.5,,,,5.15441474914551,0.0,,5.27975273132324,5.02907676696777,,3.278173828125,6.88019943237305
17,1729,5.17470474243164,1,,,,6.46838073730469,0.0,,6.38758010864258,6.54918060302734,,2.29651756286621,7.23991165161133
17,1731,,,,,,,,,,,,3.26668167114258,
17,1733,4.72734909057617,1,,,,5.90918655395508,0.0,,5.53117065429687,6.28720245361328,,2.33144912719727,7.4475959777832
17,1734,4.26803436279297,0.5,,,,5.33504295349121,0.0,,5.42494583129883,5.24514007568359,,2.56205234527588,6.87507934570313
17,1874,5.17754821777344,1,,,,6.06957550048828,0.0,,6.38081932067871,5.75833206176758,,2.38121318817139,7.12409896850586
17,1875,,,,,,,,,,,,3.15426254272461,7.01946487426758
17,1876,4.44011497497559,0.5,,,,5.55014381408691,0.0,,5.01499824523926,6.08528938293457,,2.99737167358398,7.07362060546875
17,1877,2.85737571716309,1,,,,3.57171974182129,0.0,,3.77314453125,3.37029495239258,,1.50658826828003,7.40044326782227
17,1878,4.74826278686523,1,,,,5.93532867431641,0.0,,6.12490692138672,5.74575042724609,,2.63314743041992,7.51736602783203
17,1879,4.7272590637207,1,,,,5.90907363891602,0.0,,6.31182098388672,5.50632591247559,,2.74027309417725,7.46715545654297
17,1880,5.32090873718262,1,,,,6.6511360168457,0.0,,6.97121734619141,6.3310546875,,1.8242431640625,7.14297180175781
17,1881,3.96972885131836,1,,,,4.94042205810547,0.0,,4.75144386291504,5.1294002532959,,2.51334075927734,7.47510299682617
17,1882,,,,,,,,,,,,2.26826152801514,6.90661849975586
17,1883,4.37304229736328,1,,,,5.39533081054688,0.0,,5.64374351501465,5.14691772460938,,2.25997772216797,7.49409866333008
17,1887,4.96773567199707,1,4.3482063293457,3.64870414733887,,,,,5.91976852416992,4.3625545501709,3.84249153137207,1.32083463668823,6.87452392578125
17,1888,5.53060836791992,1,,,,6.91326065063477,0.0,,7.11442108154297,6.71210021972656,,2.40590991973877,7.49977188110352
17,1889,4.02470016479492,1,,,,5.03087501525879,0.0,,5.08362464904785,4.97812538146973,,1.81831703186035,7.52760696411133
17,1890,5.90652122497559,1,5.41441230773926,4.00658149719238,,,,,4.31294898986816,5.2521614074707,5.97515029907227,1.81972274780273,6.73939514160156
17,1891,,,,,,,,,,,,2.09775276184082,
17,1892,5.92813377380371,1,5.81687469482422,6.61681289672852,,,,,5.86246833801269,6.49031372070313,5.10132369995117,1.5258448600769,7.18007278442383
17,1893,,,,,,,,,,,,2.73274097442627,
17,1894,,,,,,,,,,,,,
17,1896,7.21541290283203,1,7.90071792602539,,,,,,4.19781799316406,8.3607292175293,7.55552520751953,1.55254192352295,7.19602813720703
17,1899,4.7886962890625,1,,,,5.98587036132812,0.0,,6.01256637573242,5.95917472839355,,2.295703125,7.46816787719727
17,1901,4.52637405395508,1,,,,5.65796737670898,0.0,,5.22096214294434,6.09497261047363,,1.09549674987793,7.47975006103516
17,1902,4.48458786010742,1,,,,5.60573501586914,0.0,,5.78134078979492,5.43012962341309,,1.82207813262939,7.34494323730469
17,1903,4.95282363891602,1,,,,6.19102973937988,0.0,,6.53117446899414,5.85088500976562,,1.3738094329834,7.36444549560547
17,1904,3.76344604492188,1,,,,4.70430755615234,0.0,,5.13119812011719,4.27741737365723,,1.38704681396484,7.4924072265625
17,1905,,,,,,,,,,,,2.22049102783203,7.49938659667969
17,1906,5.22759246826172,1,,,,6.43231048583984,0.0,,6.33809204101563,6.52652969360352,,2.16870231628418,7.49516525268555
17,1907,3.61693916320801,1,,,,4.52117385864258,0.0,,4.4913200378418,4.55102729797363,,1.85895462036133,7.43488006591797
17,1908,3.89449768066406,1,,,,4.86812210083008,0.0,,4.80305290222168,4.93319091796875,,2.0689281463623,7.43469009399414
17,1909,4.01558647155762,1,,,,5.01948318481445,0.0,,5.05508728027344,4.9838794708252,,2.17776737213135,7.57738342285156
17,1910,,,,,,,,,,,,2.74057292938232,
17,1911,,,,,,,,,,,,,
17,1912,,,,,,,,,,,,1.93742980957031,6.99651489257812
17,1913,5.18950309753418,1,,,,6.26811370849609,0.0,,6.42143936157227,6.11478843688965,,1.72273063659668,7.45422439575195
17,1914,4.62940979003906,1,,,,5.78676223754883,0.0,,6.28205947875977,5.29146499633789,,1.85961112976074,7.38863067626953
17,1981,4.71250114440918,0.5,,,,5.89062652587891,0.0,,5.95191345214844,5.82933959960937,,1.98081531524658,7.02855987548828
17,1982,,,,,,,,,,,,1.22570581436157,6.84998550415039
17,1983,5.08402824401855,1,,,,6.35503540039062,0.0,,6.09406623840332,6.61600494384766,,2.79697685241699,7.09924545288086
17,1984,6.28587913513184,0.5,,,,7.69020385742188,0.0,,6.78642425537109,8.59398422241211,,2.22874565124512,7.38332366943359
17,1985,4.53926010131836,1,,,,5.67407531738281,0.0,,6.19001235961914,5.15813827514648,,1.84938735961914,7.4819206237793
17,1986,4.85662078857422,1,3.82770843505859,2.57095851898193,,,,,5.22429046630859,4.06617393493652,3.43778762817383,1.67621841430664,6.68777770996094
17,1987,5.22595252990723,1,,,,6.16924018859863,0.0,,6.46072692871094,5.87898864746094,,2.22651329040527,7.47241973876953
17,1989,,,,,,,,,,,,2.87116603851318,
17,1990,4.00550575256348,1,,,,5.00688209533691,0.0,,4.79605598449707,5.21770820617676,,1.91025943756104,
17,1991,5.17035980224609,1,,,,6.08226432800293,0.0,,5.56604843139648,6.59848022460938,,3.04876613616943,7.43610610961914
17,1992,5.96039085388184,1,,,,7.38125610351562,0.0,,7.42313385009766,7.33937835693359,,1.80914916992187,7.52008590698242
17,1995,5.76541328430176,1,5.60510177612305,4.67766876220703,,,,,5.48405685424805,6.41236419677734,4.75310096740723,2.40964164733887,6.90096130371094
17,1996,4.70776748657227,1,3.46312103271484,1.79350070953369,,,,,5.4054069519043,4.12771530151367,2.76117496490478,1.42281312942505,6.80309982299805
17,1999,5.05247230529785,1,,,,6.17087020874023,0.0,,6.80302886962891,5.53871116638184,,2.3937707901001,7.49581604003906
17,2001,6.21701354980469,1,6.4226432800293,,,,,,5.89603080749512,6.73642883300781,6.30019416809082,2.35559597015381,7.07830505371094
17,2002,5.03664779663086,1,,,,6.03375549316406,0.0,,6.14953804016113,5.91797294616699,,1.71898059844971,7.52853012084961
17,2003,5.4303638458252,1,5.42369346618652,5.17276954650879,,,,,7.64974517822266,5.6062671661377,4.63838691711426,1.61039581298828,7.02508010864258
17,2005,5.57939872741699,0.5,,,,6.97424850463867,0.0,,6.5013786315918,7.44711837768555,,2.79861278533936,6.95062103271484
17,2006,,,,,,,,,,,,2.63508625030518,7.01400680541992
17,2007,4.7442985534668,1,,,,5.51327362060547,0.0,,5.60603828430176,5.42050933837891,,2.59477310180664,7.42081451416016
17,4236,,,,,,,,,,,,,
18,1703,4.88559150695801,1,,,,6.10698928833008,0.0,,6.09519691467285,6.1187816619873,,2.16079158782959,6.94005126953125
18,1704,5.88361968994141,1,5.79506797790527,6.37686958312988,,,,,5.29244537353516,6.88034210205078,4.87279510498047,2.78649635314941,7.02140274047852
18,1705,5.02838363647461,1,2.32948436737061,3.00497722625732,,,,,4.16666488647461,2.97047309875488,1.66848735809326,2.27325420379639,6.08712043762207
18,1706,5.21214714050293,1,,,,6.51518402099609,0.0,,6.12620544433594,6.90416259765625,,2.09924354553223,7.36310729980469
18,1707,4.52672653198242,1,,,,5.28298149108887,0.0,,4.69765968322754,5.8683032989502,,2.02158813476562,7.21839141845703
18,1708,6.25165939331055,1,4.42157592773438,4.13635330200195,,,,,0,5.33766136169434,3.50549011230469,2.69514198303223,6.47254333496094
18,1709,,,,,,,,,,,,,
18,1714,5.80457153320313,1,4.53439712524414,,,,,,0,5.15228233337402,3.92275314331055,3.82939910888672,6.9250129699707
18,1716,3.26825103759766,1,,,,4.08531379699707,0.0,,3.6254077911377,4.54521980285645,,2.21126480102539,
18,1717,,,,,,,,,,,,2.58723182678223,3.27232551574707
18,1718,4.88895721435547,1,4.3848991394043,2.72001152038574,,,,,5.01210250854492,4.79822998046875,3.92537117004395,1.06944408416748,6.66519393920898
18,1719,6.35138397216797,1,5.8314151763916,5.61066856384277,,,,,3.16883411407471,7.01407165527344,5.56745948791504,1.93001556396484,7.13335876464844
18,1720,5.54962120056152,1,3.76139984130859,,,,,,0,3.43495941162109,4.09621047973633,1.92130088806152,6.59291305541992
18,1721,4.89600296020508,1,,,,6.12000350952148,0.0,,6.07783164978027,6.16217498779297,,2.07080307006836,7.39602432250977
18,1722,5.07640533447266,1,,,,6.25307388305664,0.0,,5.79147071838379,6.71467666625977,,1.82998294830322,7.3511962890625
18,1723,,,,,,,,,,,,4.93092765808106,6.37908935546875
18,1724,4.18848075866699,0.5,,,,5.03394241333008,0.0,,4.47648811340332,5.59139709472656,,2.24383220672607,7.16790466308594
18,1726,4.11350173950195,0.5,,,,4.87567176818848,0.0,,5.24441070556641,4.50693283081055,,1.49332962036133,6.77235717773438
18,1727,,,,,,,,,,,,1.84404945373535,
18,1728,3.85089416503906,0.5,,,,4.81361770629883,0.0,,4.70888862609863,4.9183464050293,,3.47303581237793,6.73817138671875
18,1729,5.79438285827637,0.5,,,,7.24297866821289,0.0,,7.26586837768555,7.22008895874023,,2.51869792938232,6.97428665161133
18,1731,,,,,,,,,,,,3.48267936706543,
18,1733,5.00378913879395,1,,,,6.254736328125,0.0,,5.71185531616211,6.79761734008789,,2.27231273651123,7.29748611450195
18,1734,4.46952896118164,0.5,,,,5.58691139221191,0.0,,5.56674041748047,5.60708236694336,,2.60757789611816,6.76353302001953
18,1874,5.67040519714355,0.5,,,,6.06171188354492,0.0,,6.32691497802734,5.79650840759277,,2.36170616149902,6.93812942504883
18,1875,,,,,,,,,,,,3.26959762573242,6.84140625
18,1876,4.24139709472656,0.5,,,,5.3017463684082,0.0,,4.46985511779785,6.13363761901855,,3.22745170593262,6.90034103393555
18,1877,3.47467651367187,1,,,,4.34334564208984,0.0,,4.55901527404785,4.12767562866211,,1.0399471282959,7.27874450683594
18,1878,4.9769905090332,1,,,,6.22123794555664,0.0,,6.08436737060547,6.35810890197754,,2.81497325897217,7.37332763671875
18,1879,5.14157905578613,1,,,,6.42697372436523,0.0,,6.87819671630859,5.97575073242187,,2.42663459777832,7.34204025268555
18,1880,5.64947738647461,1,,,,7.06184692382813,0.0,,7.25356292724609,6.87013092041016,,1.73677272796631,6.9764404296875
18,1881,4.35607795715332,1,,,,5.44509735107422,0.0,,5.51393165588379,5.37626266479492,,2.65627708435059,7.31530151367187
18,1882,,,,,,,,,,,,2.29447689056396,6.76163330078125
18,1883,4.75949058532715,1,,,,5.76937255859375,0.0,,6.46919708251953,5.06954803466797,,2.35458736419678,7.35849075317383
18,1887,4.99902610778809,1,4.35278358459473,3.4754810333252,,,,,5.96937408447266,4.57835845947266,3.65118675231934,1.19153127670288,6.69374237060547
18,1888,6.01551742553711,1,,,,7.51939697265625,0.0,,7.84342651367187,7.19536819458008,,2.14892158508301,7.41626052856445
18,1889,4.62178421020508,1,,,,5.77723007202148,0.0,,5.94188423156738,5.61257553100586,,1.84478073120117,7.34949417114258
18,1890,6.06432342529297,1,5.39143218994141,4.77057075500488,,,,,4.20830078125,5.43310546875,5.74377517700195,1.58419675827026,6.58285980224609
18,1891,,,,,,,,,,,,2.46657810211182,
18,1892,5.83491516113281,1,5.44873733520508,6.21746788024902,,,,,5.17080726623535,6.26040649414062,4.7020191192627,1.16927576065063,7.03939895629883
18,1893,,,,,,,,,,,,3.06948184967041,
18,1894,,,,,,,,,,,,,
18,1896,7.36964797973633,1,7.4192497253418,,,,,,4.55016746520996,7.65164108276367,7.39343185424805,1.14105844497681,6.99623641967773
18,1899,4.99515609741211,1,,,,6.2439453125,0.0,,6.26241264343262,6.22547798156738,,2.50949325561523,7.29624557495117
18,1901,4.4809326171875,1,,,,5.60116577148438,0.0,,5.0241138458252,6.17821807861328,,0.879176044464111,7.33708343505859
18,1902,5.39795722961426,0.5,,,,6.05630874633789,0.0,,5.93348579406738,6.17913208007812,,2.02309875488281,7.18203582763672
18,1903,5.2955249786377,1,,,,6.61940612792969,0.0,,7.16835632324219,6.07045555114746,,1.1110502243042,7.24491271972656
18,1904,4.47243156433106,1,,,,5.28993949890137,0.0,,5.54826927185059,5.03160972595215,,1.58266248703003,7.35021286010742
18,1905,,,,,,,,,,,,2.05662021636963,7.35480651855469
18,1906,5.34962005615234,1,,,,6.63407135009766,0.0,,6.64118576049805,6.62695770263672,,2.11481895446777,7.33988494873047
18,1907,3.89518966674805,1,,,,4.8689868927002,0.0,,4.71626968383789,5.0217041015625,,1.66882171630859,7.27461471557617
18,1908,4.37928085327148,1,,,,5.26567459106445,0.0,,5.06762924194336,5.46372032165527,,2.20394821166992,7.25644378662109
18,1909,3.87101058959961,1,,,,4.83876304626465,0.0,,4.84038124084473,4.83714485168457,,2.43916645050049,7.43590545654297
18,1910,,,,,,,,,,,,3.02465553283691,
18,1911,,,,,,,,,,,,,
18,1912,,,,,,,,,,,,1.79888324737549,6.8814697265625
18,1913,5.44036750793457,1,,,,6.60218811035156,0.0,,6.62976531982422,6.57461013793945,,1.62429885864258,7.30381927490234
18,1914,5.11243553161621,1,,,,6.39054450988769,0.0,,6.97915267944336,5.80193634033203,,1.92966136932373,7.28348770141602
18,1981,5.03951797485352,0.5,,,,6.29939727783203,0.0,,6.28030815124512,6.31848640441895,,1.78594264984131,6.87226486206055
18,1982,,,,,,,,,,,,0.624731016159058,6.70472717285156
18,1983,6.19812355041504,0.5,,,,6.79192047119141,0.0,,6.31451683044434,7.26932373046875,,2.98117122650146,6.90928268432617
18,1984,4.68916816711426,0.5,,,,5.86146011352539,0.0,,5.32460784912109,6.39831237792969,,2.27736110687256,7.21912307739258
18,1985,4.5875431060791,1,,,,5.65542068481445,0.0,,6.22213096618652,5.08871078491211,,2.04644241333008,7.34132308959961
18,1986,5.35301780700684,1,4.21536521911621,2.95069103240967,,,,,5.48651657104492,4.21288986206055,4.07456321716309,1.49749746322632,6.4731071472168
18,1987,5.40985794067383,1,,,,6.54893951416016,0.0,,6.61527252197266,6.48322296142578,,2.15524406433105,7.31295700073242
18,1989,,,,,,,,,,,,2.80833873748779,
18,1990,3.64194450378418,0.5,,,,4.55243072509766,0.0,,4.35031318664551,4.75454864501953,,1.70324878692627,
18,1991,5.62894325256348,1,,,,6.76657104492188,0.0,,6.73825454711914,6.79488754272461,,3.2065860748291,7.19148330688477
18,1992,5.60285263061523,1,,,,7.00356597900391,0.0,,6.74726943969727,7.25986175537109,,1.59644575119019,7.40207214355469
18,1995,5.66650848388672,1,5.32709808349609,5.17201309204102,,,,,4.73520622253418,6.24241676330566,4.61095848083496,2.31285915374756,6.79726181030273
18,1996,5.21274375915527,1,3.98152008056641,2.97201690673828,,,,,0,4.39657783508301,3.5664623260498,1.24184589385986,6.59298095703125
18,1999,5.35733833312988,1,,,,6.02760124206543,0.0,,6.29608917236328,5.75911331176758,,2.46148090362549,7.35197219848633
18,2001,6.15540924072266,1,6.19355964660645,,,,,,5.71585426330566,6.48654251098633,6.06742362976074,2.26467247009277,6.94132080078125
18,2002,5.23995170593262,1,,,,6.41451187133789,0.0,,6.13946495056152,6.68955841064453,,1.51606893539429,7.31099166870117
18,2003,4.6903076171875,1,4.65078620910645,4.56664772033691,,,,,6.1690990447998,4.63333435058594,4.27284622192383,1.56847686767578,6.85906219482422
18,2005,6.46443252563477,0.5,,,,8.08054046630859,0.0,,8.26373291015625,7.89734802246094,,2.84053211212158,6.70118408203125
18,2006,,,,,,,,,,,,2.76874732971191,6.88468246459961
18,2007,5.10382041931152,1,,,,5.79799118041992,0.0,,5.70350952148438,5.89247283935547,,2.33636569976807,7.2909423828125
18,4236,,,,,,,,,,,,,
